﻿lsoa11cd;Index.of.Multiple.Deprivation..IMD..Score;Index.of.Multiple.Deprivation..IMD..Rank..where.1.is.most.deprived.;Index.of.Multiple.Deprivation..IMD..Decile..where.1.is.most.deprived.10..of.LSOAs.;Income.Score..rate.;Income.Rank..where.1.is.most.deprived.;Income.Decile..where.1.is.most.deprived.10..of.LSOAs.;Employment.Score..rate.;Employment.Rank..where.1.is.most.deprived.;Employment.Decile..where.1.is.most.deprived.10..of.LSOAs.;Education..Skills.and.Training.Score;Education..Skills.and.Training.Rank..where.1.is.most.deprived.;Education..Skills.and.Training.Decile..where.1.is.most.deprived.10..of.LSOAs.;Health.Deprivation.and.Disability.Score;Health.Deprivation.and.Disability.Rank..where.1.is.most.deprived.;Health.Deprivation.and.Disability.Decile..where.1.is.most.deprived.10..of.LSOAs.;Crime.Score;Crime.Rank..where.1.is.most.deprived.;Crime.Decile..where.1.is.most.deprived.10..of.LSOAs.;Barriers.to.Housing.and.Services.Score;Barriers.to.Housing.and.Services.Rank..where.1.is.most.deprived.;Barriers.to.Housing.and.Services.Decile..where.1.is.most.deprived.10..of.LSOAs.;Living.Environment.Score;Living.Environment.Rank..where.1.is.most.deprived.;Living.Environment.Decile..where.1.is.most.deprived.10..of.LSOAs.;Income.Deprivation.Affecting.Children.Index..IDACI..Score..rate.;Income.Deprivation.Affecting.Children.Index..IDACI..Rank..where.1.is.most.deprived.;Income.Deprivation.Affecting.Children.Index..IDACI..Decile..where.1.is.most.deprived.10..of.LSOAs.;Income.Deprivation.Affecting.Older.People..IDAOPI..Score..rate.;Income.Deprivation.Affecting.Older.People..IDAOPI..Rank..where.1.is.most.deprived.;Income.Deprivation.Affecting.Older.People..IDAOPI..Decile..where.1.is.most.deprived.10..of.LSOAs.;Children.and.Young.People.Sub.domain.Score;Children.and.Young.People.Sub.domain.Rank..where.1.is.most.deprived.;Children.and.Young.People.Sub.domain.Decile..where.1.is.most.deprived.10..of.LSOAs.;Adult.Skills.Sub.domain.Score;Adult.Skills.Sub.domain.Rank..where.1.is.most.deprived.;Adult.Skills.Sub.domain.Decile..where.1.is.most.deprived.10..of.LSOAs.;Geographical.Barriers.Sub.domain.Score;Geographical.Barriers.Sub.domain.Rank..where.1.is.most.deprived.;Geographical.Barriers.Sub.domain.Decile..where.1.is.most.deprived.10..of.LSOAs.;Wider.Barriers.Sub.domain.Score;Wider.Barriers.Sub.domain.Rank..where.1.is.most.deprived.;Wider.Barriers.Sub.domain.Decile..where.1.is.most.deprived.10..of.LSOAs.;Indoors.Sub.domain.Score;Indoors.Sub.domain.Rank..where.1.is.most.deprived.;Indoors.Sub.domain.Decile..where.1.is.most.deprived.10..of.LSOAs.;Outdoors.Sub.domain.Score;Outdoors.Sub.domain.Rank..where.1.is.most.deprived.;Outdoors.Sub.domain.Decile..where.1.is.most.deprived.10..of.LSOAs.;Total.population..mid.2012..excluding.prisoners.;Dependent.Children.aged.0.15..mid.2012..excluding.prisoners.;Population.aged.16.59..mid.2012..excluding.prisoners.;Older.population.aged.60.and.over..mid.2012..excluding.prisoners.;Working.age.population.18.59.64..for.use.with.Employment.Deprivation.Domain..excluding.prisoners.;WARD_NAME
E01006512;25,612;10518;4;0,104;17772;6;0,082;19364;6;10,062;21800;7;1,187;3137;1;-0,197;19565;6;24,485;11577;4;68,912;243;1;0,161;15321;5;0,306;5601;2;-0,055;17121;6;0,213;25871;8;-0,143;18292;6;2,04;6605;3;1,863;434;1;0,786;5740;2;1908;205;1630;73;1783,5;1
E01006513;25,911;10339;4;0,037;30622;10;0,026;32248;10;20,133;13662;5;0,577;8499;3;1,498;750;1;25,154;10886;4;85,476;10;1;0,213;11511;4;0,202;11683;4;0,733;6139;2;0,18;28842;9;-1,071;30194;10;3,134;3628;2;2,011;273;1;1,905;645;1;3176;55;3026;95;2933;2
E01006514;37,644;5247;2;0,188;9199;3;0,153;8726;3;15,504;17071;6;1,855;671;1;0,735;5980;2;21,847;14526;5;58,901;999;1;0,227;10635;4;0,48;1036;1;0,391;10264;4;0,207;26462;9;-0,349;21834;7;1,922;7011;3;1,517;1247;1;0,798;5610;2;2137;113;1824;200;1798,5;3
E01006515;58,992;1019;1;0,426;497;1;0,298;1088;1;33,505;7325;3;1,895;609;1;1,157;2231;1;17,403;20038;7;29,776;8777;3;0,456;1499;1;0,759;25;1;0,666;6864;3;0,385;7812;3;-0,327;21473;7;0,965;10701;4;0,195;13613;5;1,086;3414;2;1213;177;804;232;813,25;4
E01006518;63,373;662;1;0,426;498;1;0,339;463;1;49,901;3185;1;2,241;210;1;0,668;6790;3;15,524;22396;7;31,032;8225;3;0,502;747;1;0,521;647;1;0,78;5675;2;0,505;1937;1;-0,872;28645;9;1,27;9444;3;0,62;7907;3;0,498;8828;3;1673;274;946;453;972,75;5
E01006519;10,98;23033;8;0,053;27298;9;0,079;20083;7;1,758;31238;10;0,262;12388;4;0,11;14838;5;11,373;27302;9;26,352;10607;4;0,051;28421;9;0,076;26735;9;-1,317;31254;10;0,169;29562;10;0,194;12532;4;-3,841;31344;10;0,489;9503;3;0,293;11578;4;1306;238;737;331;744,5;6
E01006520;42,184;3867;2;0,24;5978;2;0,209;4476;2;11,411;20565;7;1,601;1306;1;1,341;1293;1;16,581;21034;7;53,375;1701;1;0,212;11576;4;0,516;685;1;0,185;13305;5;0,171;29458;9;-0,277;20609;7;0,688;12017;4;1,394;1738;1;0,655;6999;3;1679;93;1317;269;1352;7
E01006521;28,516;8908;3;0,172;10422;4;0,17;7244;3;13,017;19069;6;1,072;3890;2;0,563;8155;3;9,974;28833;9;39,681;4811;2;0,211;11624;4;0,239;9073;3;0,236;12495;4;0,199;27190;9;-0,642;26105;8;-0,297;17099;6;0,911;4856;2;0,652;7024;3;1639;169;1002;468;1036,25;8
E01006522;47,316;2731;1;0,273;4432;2;0,234;3158;1;29,179;8917;3;2,218;223;1;1,069;2844;1;12,485;26083;8;41,945;4158;2;0,399;2861;1;0,478;1073;1;1,13;2769;1;0,202;26945;9;-0,859;28532;9;0,589;12480;4;1,049;3771;2;0,537;8355;3;1697;130;1414;153;1436;9
E01006523;37,321;5351;2;0,248;5564;2;0,204;4776;2;9,09;22780;7;1,647;1165;1;0,675;6705;3;14,607;23555;8;42,393;4020;2;0,286;7330;3;0,389;2722;1;-0,056;17142;6;0,188;28156;9;-0,271;20511;7;0,2;14417;5;1,09;3461;2;0,466;9229;3;1463;148;1043;272;1056;10
E01006524;10,148;24024;8;0,054;26967;9;0,028;32101;10;6,397;25738;8;0,569;8594;3;-0,302;21090;7;19,782;17096;6;22,257;13111;4;0,085;23149;8;0,174;14110;5;-0,259;20378;7;0,161;30078;10;0,006;15716;5;0,723;11848;4;0,299;12124;4;0,237;12395;4;2339;136;1751;452;1669;11
E01006525;10,873;23149;8;0,059;25936;8;0,081;19726;7;4,051;28509;9;0,213;13056;4;-0,272;20655;7;13,061;25395;8;25,973;10827;4;0,045;29233;9;0,072;27479;9;-0,689;26331;9;0,182;28660;9;0,282;11052;4;-3,409;30543;10;0,302;12078;4;0,609;7527;3;1232;159;721;352;748,75;12
E01006526;19,383;14735;5;0,114;16403;5;0,117;13059;4;5,34;26964;9;0,868;5481;2;0,246;12756;4;7,09;31069;10;33,07;7321;3;0,074;24794;8;0,217;10532;4;-0,691;26353;9;0,216;25554;8;-0,297;20963;7;-2,338;27509;9;0,641;7657;3;0,646;7113;3;1399;186;831;382;846,25;13
E01006527;18,767;15258;5;0,152;12306;4;0,117;13106;4;7,418;24604;8;0,895;5240;2;-0,791;27413;9;9,361;29413;9;24,412;11753;4;0,155;15790;5;0,264;7650;3;-0,581;24972;8;0,243;22439;7;-0,401;22671;7;-0,971;20808;7;0,28;12400;4;0,497;8840;3;1426;213;850;363;831,25;14
E01006528;26,713;9881;4;0,164;11183;4;0,138;10262;4;13,854;18339;6;1,017;4269;2;0,154;14149;5;13,667;24693;8;48,558;2542;1;0,213;11480;4;0,255;8113;3;0,295;11648;4;0,201;27054;9;0,123;13708;5;-1,467;23433;8;1,368;1852;1;0,254;12138;4;1449;233;1001;215;1010,5;15
E01006529;13,951;19679;6;0,089;20056;7;0,085;18884;6;3,93;28663;9;0,557;8740;3;-0,827;27769;9;3,674;32504;10;38,73;5123;2;0,064;26302;9;0,186;13104;4;-0,79;27413;9;0,192;27827;9;-0,831;28240;9;-2,368;27629;9;1,015;4049;2;0,312;11324;4;1303;217;836;250;836,75;16
E01006530;11,407;22517;7;0,086;20564;7;0,091;17622;6;7,054;24990;8;0,296;11940;4;-0,563;24678;8;5,056;32109;10;15,981;17689;6;0,124;18539;6;0,105;21906;7;-0,361;21854;7;0,207;26476;9;-0,526;24542;8;-2,518;28137;9;-0,257;20238;7;0,385;10297;4;1418;203;736;479;741,75;17
E01006531;11,12;22878;7;0,096;18876;6;0,079;20105;7;5,969;26235;8;0,399;10633;4;-0,991;29295;9;8,2;30351;10;15,878;17781;6;0,074;24798;8;0,152;16181;5;-0,759;27105;9;0,234;23500;8;-0,17;18799;6;-2,415;27793;9;-0,427;22565;7;0,537;8354;3;1439;159;683;597;694,75;18
E01006532;8,798;25698;8;0,044;29167;9;0,066;23403;8;1,733;31267;10;0,053;15359;5;-0,197;19548;6;20,911;15653;5;16,499;17253;6;0,026;31753;10;0,091;24103;8;-1,388;31539;10;0,172;29360;9;0,744;5360;2;-3,439;30607;10;-0,269;20398;7;0,451;9444;3;1558;256;821;481;832,5;19
E01006533;27,107;9666;3;0,174;10290;4;0,174;6848;3;15,447;17117;6;1,104;3678;2;0,033;16032;5;21,086;15439;5;21,141;13864;5;0,128;18245;6;0,247;8576;3;-0,014;16448;6;0,293;16693;6;0,587;6938;3;-1,497;23593;8;-0,013;16684;6;0,606;7552;3;1330;182;715;433;739,5;20
E01006534;27,928;9213;3;0,178;9901;4;0,179;6428;2;21,866;12568;4;1,231;2900;1;-0,068;17577;6;12,327;26259;8;21,524;13587;5;0,176;14088;5;0,261;7771;3;-0,358;21800;7;0,397;7010;3;-0,196;19252;6;-0,614;18829;6;0,233;13079;4;0,281;11756;4;1513;250;958;305;943,75;21
E01006535;32,399;7155;3;0,198;8477;3;0,179;6474;2;23,784;11498;4;1,633;1203;1;0,27;12374;4;10,873;27853;9;27,615;9902;4;0,173;14280;5;0,298;5965;2;0,138;14064;5;0,368;9228;3;-0,105;17627;6;-1,459;23392;8;0,592;8223;3;0,196;12990;4;1610;236;977;397;970,25;22
E01006536;39,612;4616;2;0,264;4833;2;0,244;2698;1;36,404;6366;2;1,551;1459;1;-0,173;19186;6;11,286;27414;9;27,397;10012;4;0,329;5382;2;0,31;5421;2;0,531;8397;3;0,433;4863;2;-0,322;21370;7;-0,576;18606;6;0,566;8566;3;0,24;12345;4;1841;298;1116;427;1124,75;23
E01006537;23,951;11456;4;0,158;11668;4;0,117;13081;4;20,352;13507;5;0,613;8091;3;-0,242;20236;7;12,411;26166;8;51,596;1975;1;0,276;7900;3;0,131;18462;6;0,135;14117;5;0,332;12539;4;-0,212;19509;6;-0,548;18444;6;1,354;1922;1;0,609;7531;3;2329;429;1496;404;1510,75;24
E01006538;20,815;13612;5;0,139;13587;5;0,128;11474;4;19,748;13961;5;0,809;6033;2;-0,603;25228;8;3,331;32582;10;29,843;8739;3;0,154;15866;5;0,191;12675;4;0,009;16088;5;0,341;11607;4;-0,951;29324;9;-2,316;27424;9;0,362;11203;4;0,852;5123;2;1292;195;770;327;778,25;25
E01006539;12,509;21200;7;0,066;24318;8;0,098;16120;5;2,717;30139;10;0,414;10431;4;-0,163;19047;6;14,979;23080;8;20,402;14363;5;0,058;27316;9;0,089;24406;8;-1,516;31962;10;0,206;26559;9;0,377;9631;3;-2,953;29487;9;0,134;14539;5;0,332;11059;4;1452;189;806;457;829,5;26
E01006540;78,547;48;1;0,478;176;1;0,414;87;1;62,281;1419;1;3,024;9;1;1,479;799;1;18,096;19203;6;51,824;1939;1;0,49;925;1;0,504;791;1;0,804;5456;2;0,576;407;1;-0,704;26817;9;1,642;7995;3;1,359;1898;1;0,615;7458;3;1538;297;1005;236;1018;27
E01006541;47,926;2615;1;0,271;4495;2;0,245;2663;1;38,215;5857;2;1,467;1770;1;1,665;431;1;13,314;25091;8;38,102;5337;2;0,331;5305;2;0,306;5610;2;0,341;10978;4;0,472;3069;1;-0,169;18774;6;-0,409;17685;6;0,816;5774;2;0,733;6219;2;1566;242;914;410;929;28
E01006542;57,46;1167;1;0,312;2894;1;0,293;1196;1;39,291;5518;2;1,589;1339;1;1,823;231;1;12,545;26013;8;58,036;1106;1;0,433;1975;1;0,292;6222;2;0,136;14093;5;0,5;2073;1;-0,272;20517;7;-0,339;17327;6;1,394;1737;1;1,055;3619;2;1405;244;886;275;867;29
E01006543;25,714;10457;4;0,134;14055;5;0,118;12925;4;25,178;10771;4;0,684;7303;3;1,002;3356;2;6,888;31205;10;40,187;4662;2;0,163;15122;5;0,189;12852;4;-0,373;22059;7;0,428;5084;2;-0,344;21765;7;-2,206;26978;9;0,986;4266;2;0,532;8412;3;1248;196;753;299;750,5;30
E01006544;63,699;632;1;0,39;933;1;0,328;579;1;51,951;2831;1;2,157;264;1;1,262;1628;1;12,434;26143;8;35,467;6356;2;0,447;1672;1;0,414;2142;1;0,448;9442;3;0,55;795;1;-1,008;29761;10;0,69;12010;4;0,789;6020;2;0,545;8244;3;1643;337;986;320;959,5;31
E01006545;42,33;3829;2;0,235;6239;2;0,217;4053;2;36,135;6461;2;1,433;1900;1;0,772;5551;2;6,162;31600;10;58,922;996;1;0,307;6336;2;0,22;10336;4;0,53;8417;3;0,43;4976;2;-1,176;30837;10;-0,877;20293;7;1,58;1059;1;0,639;7211;3;1498;327;894;277;880,75;32
E01006546;62,121;747;1;0,369;1346;1;0,282;1459;1;47,405;3656;2;1,621;1242;1;1,708;362;1;8,819;29884;10;66,897;321;1;0,532;461;1;0,271;7235;3;0,722;6256;2;0,494;2255;1;-1,635;32386;10;0,048;15242;5;1,658;825;1;1,094;3372;2;1307;296;817;194;805,25;33
E01006547;78,443;50;1;0,427;489;1;0,396;122;1;59,308;1762;1;2,476;101;1;1,801;251;1;11,383;27284;9;71,776;157;1;0,537;426;1;0,385;2806;1;1,088;3086;1;0,523;1384;1;-1,375;31755;10;0,613;12356;4;1,83;480;1;1,089;3398;2;1496;297;948;251;943,75;34
E01006548;67,343;404;1;0,394;866;1;0,314;779;1;43,959;4379;2;2,301;170;1;1,342;1285;1;13,086;25369;8;66,496;353;1;0,472;1204;1;0,369;3269;1;0,72;6284;2;0,47;3178;1;-0,944;29256;9;0,793;11524;4;1,816;504;1;0,675;6805;3;1645;338;974;333;958;35
E01006549;46,379;2903;1;0,251;5433;2;0,232;3231;1;10,158;21701;7;1,799;791;1;0,85;4755;2;27,205;8997;3;64,785;452;1;0,294;6984;3;0,392;2620;1;-0,184;19227;6;0,24;22857;7;0,254;11505;4;1,568;8281;3;1,834;473;1;0,466;9245;3;1709;151;1360;198;1375,5;36
E01006550;20,183;14077;5;0,107;17283;6;0,07;22327;7;3,272;29479;9;1,226;2938;1;0,142;14332;5;12,891;25589;8;49,127;2435;1;0,399;2869;1;0,368;3288;2;-1,193;30649;10;0,208;26375;9;-2,311;32819;10;1,028;10425;4;1,234;2553;1;0,716;6399;2;1664;95;1458;111;1468,25;37
E01006551;38,929;4819;2;0,265;4784;2;0,206;4648;2;24,628;11057;4;1,832;721;1;0,21;13317;5;22,786;13427;5;23,872;12076;4;0,397;2937;1;0,448;1499;1;0,419;9853;3;0,335;12220;4;0,086;14357;5;1,166;9895;4;-0,023;16810;6;0,857;5079;2;1593;88;1071;434;1109,25;38
E01006552;55,261;1432;1;0,396;832;1;0,245;2650;1;46,043;3948;2;1,255;2767;1;1,037;3072;1;27,752;8545;3;46,149;3070;1;0,445;1726;1;0,532;557;1;1,233;2164;1;0,392;7361;3;0,118;13811;5;2,059;6531;2;1,241;2506;1;0,412;9965;4;2059;586;1293;180;1296;39
E01006553;19,47;14677;5;0,108;17223;6;0,074;21535;7;9,748;22118;7;0,717;6928;3;0,142;14328;5;9,682;29120;9;55,102;1445;1;0,209;11769;4;0,295;6119;2;0,048;15452;5;0,171;29438;9;-2,037;32758;10;0,295;13946;5;1,476;1403;1;0,578;7868;3;1882;204;1534;144;1524;40
E01006554;26,016;10277;4;0,129;14573;5;0,127;11662;4;2,209;30729;10;1,23;2913;1;0,156;14119;5;15,266;22712;7;59,068;976;1;0,063;26480;9;0,293;6167;2;-1,339;31336;10;0,186;28333;9;-0,697;26751;9;1,044;10371;4;1,66;818;1;0,389;10244;4;1735;173;1397;165;1412;41
E01006556;72,584;178;1;0,45;307;1;0,308;900;1;70,145;751;1;2,299;172;1;1,333;1331;1;19,806;17070;6;52,193;1877;1;0,514;624;1;0,599;260;1;1,427;1287;1;0,538;1018;1;-0,918;29049;9;2,128;6281;2;1,204;2724;1;1,046;3665;2;2125;472;1422;231;1392,25;42
E01006557;19,272;14804;5;0,085;20774;7;0,053;26886;9;15,884;16768;6;0,763;6458;2;0,212;13277;5;14,342;23859;8;56,864;1234;1;0,299;6717;3;0,265;7593;3;0,385;10348;4;0,218;25385;8;-1,806;32607;10;1,332;9200;3;1,556;1129;1;0,511;8686;3;2146;155;1860;131;1866;43
E01006558;75,782;90;1;0,455;279;1;0,409;96;1;51,159;2967;1;2,826;27;1;1,166;2190;1;14,887;23186;8;65,225;431;1;0,584;191;1;0,376;3065;1;0,562;8020;3;0,534;1103;1;-0,635;26020;8;0,893;11042;4;1,752;629;1;0,733;6211;2;1297;204;822;271;831,5;44
E01006560;70,702;248;1;0,447;333;1;0,444;42;1;56,055;2184;1;2,608;59;1;1,115;2489;1;20,324;16375;5;17,591;16407;5;0,375;3642;2;0,545;466;1;0,21;12926;4;0,602;204;1;-0,373;22236;7;1,664;7914;3;-0,777;26710;9;0,911;4613;2;1853;285;1068;500;1094,25;45
E01006562;74,569;121;1;0,441;380;1;0,385;177;1;74,21;525;1;2,235;215;1;1,36;1220;1;15,675;22204;7;40,738;4494;2;0,491;912;1;0,414;2147;1;1,313;1775;1;0,58;362;1;-0,697;26750;9;1,144;9994;4;0,891;5026;2;0,793;5666;2;1503;321;915;267;911,75;46
E01006563;78,838;44;1;0,525;55;1;0,434;56;1;64,571;1182;1;2,728;41;1;1,803;249;1;19,016;18059;6;30,82;8296;3;0,65;64;1;0,515;693;1;0,973;3939;2;0,568;494;1;-0,581;25293;8;1,693;7808;3;0,426;10299;4;0,83;5317;2;1724;332;882;510;889,5;47
E01006564;44,55;3292;2;0,295;3544;2;0,264;2004;1;42,524;4704;2;1,678;1070;1;0,346;11182;4;15,883;21939;7;17,95;16170;5;0,361;4192;2;0,348;3926;2;0,137;14084;5;0,52;1461;1;-0,074;17060;6;0,001;15479;5;-0,23;19861;7;0,551;8179;3;1676;222;908;546;951;48
E01006565;43,744;3478;2;0,25;5441;2;0,218;3997;2;34,062;7141;3;1,557;1436;1;1,256;1664;1;8,726;29976;10;45,051;3313;2;0,259;8785;3;0,34;4245;2;0,152;13828;5;0,46;3587;2;-0,612;25701;8;-0,719;19410;6;1,028;3946;2;0,869;4969;2;1519;257;873;389;877,25;49
E01006566;25,619;10511;4;0,151;12385;4;0,14;10047;4;13,672;18486;6;1,078;3856;2;0,41;10260;4;9,134;29621;10;39,554;4854;2;0,179;13815;5;0,238;9168;3;-0,382;22196;7;0,314;14475;5;-0,506;24244;8;-0,798;19849;7;0,81;5824;2;0,867;4984;2;1495;278;868;349;875,25;50
E01006567;45,681;3039;1;0,289;3752;2;0,273;1743;1;38,974;5609;2;1,719;962;1;0,348;11163;4;15,468;22451;7;28,604;9379;3;0,296;6849;3;0,349;3874;2;0,266;12092;4;0,486;2554;1;-0,054;16716;6;-0,173;16394;5;0,557;8662;3;0,388;10255;4;1652;207;990;455;1007;51
E01006568;30,751;7879;3;0,196;8577;3;0,17;7160;3;17,825;15282;5;1,31;2466;1;-0,053;17370;6;27,968;8383;3;25,289;11206;4;0,19;13030;4;0,311;5395;2;-0,154;18748;6;0,339;11825;4;0,884;4226;2;-0,91;20467;7;0,446;10052;4;0,267;11957;4;1602;288;946;368;947;52
E01006569;54,643;1522;1;0,313;2878;1;0,281;1510;1;44,35;4298;2;1,694;1037;1;1,399;1054;1;14,784;23334;8;46,415;3000;1;0,339;5003;2;0,399;2446;1;0,677;6739;3;0,478;2836;1;-0,14;18231;6;-0,098;15976;5;1,085;3498;2;0,846;5179;2;1435;204;811;420;795;53
E01006570;21,574;13018;4;0,12;15626;5;0,146;9398;3;13,294;18801;6;0,837;5764;2;-0,161;19026;6;9,6;29202;9;33,601;7121;3;0,135;17507;6;0,143;17140;6;-0,477;23562;8;0,317;14096;5;-0,127;17992;6;-1,916;25653;8;0,719;6794;3;0,534;8390;3;1492;245;898;349;896,75;54
E01006571;56,319;1301;1;0,33;2351;1;0,295;1153;1;48,95;3370;2;1,716;975;1;1,301;1452;1;9,979;28826;9;45,475;3224;1;0,363;4111;2;0,422;1991;1;1,029;3493;2;0,46;3571;2;-0,769;27576;9;-0,133;16171;5;0,815;5785;2;1,336;2103;1;1465;248;872;345;854,25;55
E01006572;65,332;513;1;0,461;252;1;0,341;446;1;68,29;896;1;1,976;482;1;0,663;6851;3;10,105;28693;9;19,799;14812;5;0,624;89;1;0,419;2049;1;1,559;844;1;0,506;1863;1;-1,649;32410;10;0,371;13573;5;-0,311;20989;7;0,796;5641;2;1209;306;675;228;675;56
E01006573;48,409;2528;1;0,337;2092;1;0,264;1995;1;27,282;9758;3;1,525;1542;1;0,468;9464;3;8,946;29779;10;55,778;1360;1;0,406;2663;1;0,407;2298;1;0,149;13876;5;0,4;6789;3;-1,454;32002;10;0,046;15253;5;1,376;1821;1;0,911;4607;2;1517;300;859;358;870;57
E01006574;53,493;1665;1;0,368;1363;1;0,308;890;1;37,547;6039;2;1,799;792;1;0,72;6180;2;7,095;31066;10;29,794;8766;3;0,358;4273;2;0,539;510;1;0,434;9625;3;0,455;3777;2;-1,288;31416;10;-0,53;18330;6;0,456;9931;4;0,69;6615;3;1342;282;751;309;737,25;58
E01006575;33,393;6760;3;0,202;8199;3;0,184;6076;2;26,396;10192;4;1,13;3499;2;0,716;6225;2;15,235;22741;7;36,748;5854;2;0,254;9050;3;0,24;8990;3;0,6;7571;3;0,323;13511;5;0,13;13599;5;-0,924;20553;7;0,703;6970;3;0,849;5146;2;1324;215;760;349;767,75;59
E01006576;16,935;16809;6;0,092;19471;6;0,092;17258;6;11,359;20608;7;0,288;12048;4;0,218;13175;5;10,219;28583;9;42,597;3967;2;0,129;18144;6;0,133;18252;6;-0,406;22562;7;0,287;17505;6;0,025;15392;5;-2,577;28349;9;0,731;6672;3;1,269;2393;1;1719;297;1031;391;1044,75;60
E01006577;13,805;19826;7;0,072;23104;8;0,098;16222;5;5,921;26291;9;-0,001;16141;5;0,293;12019;4;7,109;31058;10;35,16;6478;2;0,049;28779;9;0,105;21974;7;-0,762;27127;9;0,234;23581;8;-0,135;18129;6;-4,101;31724;10;0,804;5878;2;0,483;9010;3;1495;249;879;367;872,25;61
E01006578;15,993;17639;6;0,092;19529;6;0,1;15883;5;11,464;20512;7;0,512;9273;3;-0,469;23470;8;7,756;30649;10;36,547;5929;2;0,114;19582;6;0,151;16261;5;-0,185;19236;6;0,262;20348;7;-0,266;20417;7;-2,123;26627;9;0,76;6369;2;0,719;6351;2;1356;265;808;283;815,75;62
E01006579;11,428;22488;7;0,079;21848;7;0,076;20902;7;6,309;25849;8;-0,006;16208;5;-0,265;20557;7;8,288;30289;10;32,16;7722;3;0,075;24567;8;0,117;20252;7;-1,031;29576;10;0,257;20889;7;-0,105;17630;6;-2,92;29391;9;0,371;11076;4;1,031;3766;2;1656;328;907;421;922,75;63
E01006580;11,249;22708;7;0,07;23482;8;0,079;20217;7;3,898;28698;9;0,543;8921;3;0,009;16393;5;8,651;30036;10;13,645;19781;7;0,099;21508;7;0,107;21687;7;-1,014;29451;9;0,212;25973;8;-0,035;16353;5;-3,464;30663;10;-0,603;24768;8;0,459;9358;3;1323;228;782;313;784;64
E01006581;8,838;25651;8;0,068;23879;8;0,07;22528;7;3,267;29481;9;-0,191;18984;6;-0,287;20854;7;3,715;32492;10;25,889;10873;4;0,052;28181;9;0,133;18252;6;-1,291;31135;10;0,212;25972;8;-0,77;27586;9;-2,531;28181;9;0,241;12964;4;0,693;6585;3;1556;288;877;391;882;65
E01006582;7,184;27764;9;0,048;28343;9;0,064;23935;8;1,95;31026;10;-0,476;22938;7;-0,15;18857;6;6,264;31553;10;25,765;10947;4;0,039;30152;10;0,075;26905;9;-1,274;31061;10;0,174;29247;9;-0,289;20806;7;-3,079;29813;10;0,177;13884;5;0,776;5813;2;1664;316;959;389;951,75;66
E01006583;3,028;32090;10;0,021;32419;10;0,031;31701;10;2,46;30417;10;-0,371;21537;7;-1,132;30378;10;10,564;28188;9;10,689;22805;7;0,024;31935;10;0,04;31735;10;-1,169;30502;10;0,184;28473;9;0,067;14680;5;-2,721;28814;9;-0,433;22633;7;-0,041;16751;6;1808;244;1204;360;1185;67
E01006584;24,95;10898;4;0,113;16472;6;0,164;7730;3;12,419;19638;6;0,545;8884;3;0,706;6339;2;13,185;25253;8;45,173;3291;2;0,057;27445;9;0,154;15986;5;-0,295;20903;7;0,289;17198;6;0,14;13414;5;-1,779;24984;8;0,932;4682;2;1,079;3464;2;1362;210;784;368;788,75;68
E01006585;53,748;1638;1;0,36;1528;1;0,308;902;1;43,339;4510;2;2,078;328;1;0,064;15572;5;14,908;23159;8;27,225;10104;4;0,334;5203;2;0,469;1174;1;0,45;9426;3;0,498;2164;1;-0,296;20938;7;0,335;13744;5;0,29;12237;4;0,739;6159;2;1345;228;771;346;788,75;69
E01006586;36,109;5727;2;0,23;6508;2;0,209;4446;2;24,432;11150;4;1,476;1734;1;0,341;11259;4;16,56;21070;7;33,101;7308;3;0,229;10471;4;0,356;3679;2;0,18;13370;5;0,369;9158;3;0,116;13846;5;-0,459;17947;6;0,645;7603;3;0,64;7184;3;1897;286;1215;396;1234;70
E01006587;26,84;9804;3;0,177;9985;4;0,175;6801;3;15,978;16700;6;0,89;5289;2;0,359;10985;4;17,58;19824;7;23,462;12340;4;0,157;15624;5;0,243;8821;3;-0,256;20324;7;0,329;12867;4;0,315;10540;4;-1,09;21454;7;0,095;15133;5;0,683;6701;3;1596;261;990;345;1004,25;71
E01006588;33,362;6776;3;0,205;8023;3;0,181;6285;2;6,678;25422;8;1,548;1471;1;0,224;13087;4;7,013;31124;10;55,89;1341;1;0,163;15141;5;0,38;2938;1;-0,341;21534;7;0,193;27775;9;-0,65;26210;8;-1,224;22157;7;1,452;1487;1;0,714;6415;2;1502;184;1011;307;1021;72
E01006589;12,298;21457;7;0,084;20967;7;0,093;17052;6;7,339;24687;8;0,196;13261;5;-0,24;20196;7;3,325;32583;10;23,091;12568;4;0,08;23934;8;0,121;19651;6;-0,67;26128;8;0,251;21594;7;-0,633;25997;8;-3,613;30949;10;-0,027;16883;6;0,798;5618;2;1529;284;881;364;893;73
E01006590;19,874;14362;5;0,113;16556;6;0,112;13800;5;3,87;28738;9;0,449;9997;4;0,04;15927;5;6,238;31566;10;56,684;1254;1;0,133;17690;6;0,204;11530;4;-0,651;25896;8;0,169;29610;10;-0,724;27081;9;-1,372;22967;7;1,503;1293;1;0,639;7210;3;1637;204;1197;236;1197,75;74
E01006591;13,028;20647;7;0,075;22621;7;0,071;22208;7;3,379;29336;9;0,184;13444;5;-0,5;23876;8;3,307;32589;10;50,092;2255;1;0,067;25766;8;0,136;17972;6;-0,704;26489;9;0,158;30229;10;-1,063;30145;10;-2,145;26734;9;1,219;2647;1;0,841;5229;2;1663;264;1104;295;1098,75;75
E01006592;7,653;27185;9;0,062;25284;8;0,066;23507;8;0,895;32166;10;-0,269;20139;7;-0,613;25352;8;7,48;30837;10;26,482;10518;4;0,069;25572;8;0,094;23617;8;-1,534;32011;10;0,138;31144;10;-0,231;19864;7;-2,482;28041;9;0,098;15086;5;0,937;4409;2;1558;230;864;464;895,75;76
E01006593;20,958;13499;5;0,12;15651;5;0,104;15088;5;16,401;16323;5;0,717;6934;3;-0,072;17644;6;5,903;31739;10;47,821;2702;1;0,161;15309;5;0,218;10464;4;0,541;8257;3;0,159;30189;10;-1,489;32086;10;-0,815;19950;7;1,207;2709;1;0,665;6882;3;1578;242;1125;211;1132;77
E01006594;7,028;27937;9;0,053;27215;9;0,065;23856;8;2,239;30688;10;-0,215;19334;6;-2,067;32778;10;16,624;20994;7;19,77;14832;5;0,031;31143;10;0,097;23227;8;-1,24;30878;10;0,182;28680;9;0,507;7886;3;-3,608;30943;10;-0,017;16730;6;0,479;9064;3;1391;210;750;431;769,5;78
E01006595;15,073;18567;6;0,107;17369;6;0,096;16475;6;6,255;25924;8;0,47;9756;3;-0,714;26577;9;6,543;31392;10;35,388;6394;2;0,137;17392;6;0,191;12665;4;-0,364;21907;7;0,186;28345;9;-0,384;22425;7;-2,209;26995;9;0,827;5650;2;0,452;9433;3;1787;294;1077;416;1081,5;79
E01006596;14,335;19302;6;0,089;19977;7;0,119;12745;4;3,484;29204;9;0,316;11692;4;-0,081;17786;6;5,672;31849;10;24,552;11684;4;0,08;23832;8;0,115;20560;7;-1,025;29535;9;0,203;26864;9;-0,461;23578;8;-2,402;27734;9;0,359;11247;4;0,367;10559;4;1476;232;919;325;920;80
E01006597;7,969;26785;9;0,049;28021;9;0,058;25649;8;0,979;32076;10;0,042;15514;5;-0,401;22559;7;12,761;25744;8;25,206;11271;4;0,028;31562;10;0,099;22852;7;-1,389;31547;10;0,131;31370;10;0,269;11246;4;-3,545;30834;10;0,256;12761;4;0,614;7477;3;1678;274;964;440;983,25;81
E01006598;64,452;574;1;0,45;316;1;0,338;469;1;50,573;3050;1;2,136;283;1;0,889;4387;2;15,185;22810;7;25,364;11168;4;0,521;553;1;0,484;1003;1;0,331;11143;4;0,552;748;1;-0,601;25566;8;0,919;10943;4;0,432;10234;4;0,304;11421;4;1435;356;777;302;757;82
E01006599;60,255;911;1;0,424;511;1;0,261;2106;1;73,883;549;1;1,631;1209;1;1,003;3342;2;18,098;19198;6;26,601;10449;4;0,521;551;1;0,47;1163;1;1,526;929;1;0,544;892;1;-0,194;19231;6;0,853;11243;4;0,456;9932;4;0,388;10252;4;1183;331;692;160;686,5;83
E01006600;52,356;1824;1;0,337;2087;1;0,294;1172;1;43,823;4409;2;1,822;745;1;0,737;5962;2;10,276;28525;9;32,901;7393;3;0,455;1516;1;0,365;3386;2;0,573;7893;3;0,487;2515;1;-0,416;22930;7;-0,637;18966;6;0,527;9043;3;0,845;5190;2;1386;239;827;320;824;84
E01006603;51,479;1972;1;0,337;2103;1;0,263;2025;1;41,984;4818;2;1,836;711;1;0,889;4386;2;14,533;23646;8;37,15;5688;2;0,462;1390;1;0,449;1482;1;0,442;9529;3;0,489;2458;1;0,026;15377;5;-0,711;19366;6;0,677;7252;3;0,927;4480;2;1367;222;788;357;789,5;85
E01006604;50,89;2070;1;0,293;3608;2;0,271;1793;1;49,513;3252;1;1,83;728;1;0,713;6260;2;13,182;25256;8;45,448;3232;1;0,366;4000;2;0,342;4135;2;0,827;5229;2;0,496;2211;1;-0,059;16806;6;-0,822;19988;7;1,028;3945;2;0,9;4699;2;1344;216;824;304;825,75;86
E01006605;51,09;2043;1;0,324;2520;1;0,283;1447;1;42,655;4662;2;1,719;964;1;0,967;3656;2;13,356;25048;8;31,475;8024;3;0,368;3916;2;0,437;1680;1;0,34;10999;4;0,504;1944;1;-0,254;20215;7;-0,167;16360;5;0,409;10534;4;0,91;4623;2;1535;258;919;358;921,75;87
E01006606;48,442;2521;1;0,29;3713;2;0,252;2401;1;37,619;6019;2;1,709;1000;1;1,139;2338;1;12,749;25755;8;41,675;4226;2;0,329;5401;2;0,361;3516;2;0,562;8021;3;0,439;4544;2;-0,118;17845;6;-0,747;19565;6;0,914;4835;2;0,826;5363;2;1522;262;917;343;935;88
E01006607;53,98;1608;1;0,373;1276;1;0,285;1376;1;63,118;1332;1;1,607;1282;1;0,311;11746;4;9,119;29634;10;30,414;8477;3;0,426;2134;1;0,403;2374;1;1,09;3066;1;0,545;880;1;-1,059;30115;10;-0,098;15973;5;0,39;10811;4;0,856;5090;2;1554;333;887;334;889,75;89
E01006608;41,054;4203;2;0,265;4801;2;0,209;4477;2;27,636;9583;3;1,484;1707;1;0,579;7958;3;12,101;26519;9;53,598;1661;1;0,29;7164;3;0,367;3310;2;-0,136;18454;6;0,432;4873;2;-0,262;20339;7;-0,504;18183;6;1,346;1961;1;0,811;5503;2;1225;222;753;250;752,75;90
E01006609;51,107;2038;1;0,317;2744;1;0,275;1667;1;34,097;7128;3;1,662;1122;1;0,842;4841;2;6,848;31225;10;57,241;1187;1;0,496;839;1;0,259;7892;3;0,198;13126;4;0,455;3782;2;-1,138;30630;10;-0,682;19223;6;1,366;1861;1;1,059;3588;2;1281;231;800;250;799;91
E01006610;66,998;427;1;0,392;903;1;0,3;1051;1;39,589;5448;2;2,332;157;1;1,559;610;1;9,661;29140;9;71,847;154;1;0,471;1229;1;0,493;884;1;0,578;7838;3;0,453;3854;2;-1,615;32354;10;0,256;14149;5;1,692;749;1;1,406;1829;1;1390;267;825;298;840,75;92
E01006611;81,53;24;1;0,442;370;1;0,393;130;1;70,939;703;1;2,308;167;1;1,909;157;1;12,708;25809;8;75,73;75;1;0,498;806;1;0,39;2689;1;1,524;935;1;0,527;1270;1;-1,049;30044;10;0,774;11604;4;1,897;394;1;1,277;2358;1;1270;228;817;225;822,5;93
E01006612;64,182;595;1;0,415;598;1;0,375;223;1;53,839;2522;1;2,202;228;1;0,783;5437;2;15,315;22648;7;19,427;15063;5;0,498;802;1;0,433;1759;1;0,866;4843;2;0,519;1516;1;-0,251;20175;7;0,333;13758;5;-0,302;20852;7;0,752;6025;2;1479;262;874;343;890;94
E01006613;50,271;2179;1;0,293;3622;2;0,257;2226;1;34,189;7101;3;1,489;1688;1;1,607;521;1;10,246;28559;9;48,975;2465;1;0,303;6482;2;0,395;2551;1;-0,253;20275;7;0,493;2306;1;-0,459;23549;8;-0,561;18515;6;0,979;4319;2;1,287;2318;1;1325;202;754;369;773,5;95
E01006614;57,094;1216;1;0,328;2402;1;0,276;1641;1;35,824;6571;3;1,604;1292;1;1,568;590;1;9,907;28898;9;67,678;287;1;0,428;2091;1;0,304;5689;2;0,171;13518;5;0,472;3093;1;-1,365;31712;10;0,262;14126;5;1,784;569;1;0,867;4990;2;1317;245;801;271;816,5;96
E01006615;59,724;946;1;0,361;1511;1;0,31;847;1;46,089;3938;2;1,756;865;1;1,207;1931;1;10,363;28416;9;52,767;1790;1;0,49;929;1;0,419;2040;1;0,724;6237;2;0,485;2589;1;-1,278;31369;10;0,341;13711;5;1,316;2125;1;0,826;5360;2;1315;242;831;242;825;97
E01006616;44,454;3316;2;0,279;4197;2;0,247;2598;1;33,59;7292;3;1,48;1717;1;1,01;3287;2;14,327;23877;8;35,712;6258;2;0,307;6314;2;0,329;4654;2;-0,026;16630;6;0,472;3068;1;-0,089;17342;6;-0,373;17495;6;0,715;6834;3;0,735;6194;2;1404;232;828;344;835,75;98
E01006617;23,652;11656;4;0,142;13194;5;0,141;9950;4;11,111;20825;7;0,918;5056;2;0,689;6532;2;7,141;31043;10;28,009;9685;3;0,161;15280;5;0,23;9670;3;-0,461;23350;8;0,288;17289;6;-0,229;19814;7;-2,778;28964;9;0,34;11529;4;0,731;6244;2;1414;192;896;326;886;99
E01006618;41,892;3945;2;0,282;4040;2;0,225;3590;2;32,533;7649;3;1,202;3052;1;0,668;6791;3;17,889;19440;6;45,921;3116;1;0,359;4265;2;0,368;3303;2;0,069;15127;5;0,455;3775;2;0,301;10771;4;-0,903;20436;7;1,077;3562;2;0,826;5362;2;1661;240;929;492;937,5;100
E01006619;23,833;11532;4;0,141;13309;5;0,136;10500;4;13,802;18376;6;0,597;8284;3;0,253;12659;4;3,941;32435;10;51,1;2068;1;0,175;14129;5;0,184;13195;5;-0,258;20355;7;0,303;15613;5;-1,199;30970;10;-1,695;24600;8;1,292;2243;1;0,74;6145;2;1602;262;931;409;953,25;101
E01006620;21,961;12779;4;0,146;12779;4;0,128;11475;4;9,344;22512;7;1,046;4062;2;0,154;14146;5;8,161;30376;10;28,095;9636;3;0,102;21078;7;0,221;10319;4;-0,875;28238;9;0,293;16708;6;-0,548;24848;8;-1,028;21113;7;0,486;9540;3;0,478;9066;3;1462;230;756;476;780,25;102
E01006621;15,477;18166;6;0,079;21834;7;0,092;17265;6;6,566;25567;8;0,089;14806;5;0,772;5552;2;15,149;22850;7;27,617;9898;4;0,084;23284;8;0,116;20393;7;-1,257;30979;10;0,27;19487;6;0,359;9902;4;-2,555;28275;9;0,202;13531;5;0,897;4724;2;1451;209;809;433;831;103
E01006622;8,934;25530;8;0,059;25947;8;0,064;24042;8;7,731;24245;8;-0,287;20396;7;-0,177;19250;6;5,177;32062;10;28,307;9516;3;0,059;27130;9;0,09;24316;8;-0,874;28229;9;0,271;19295;6;-0,344;21768;7;-3,854;31368;10;0,354;11313;4;0,732;6228;2;1505;270;825;410;829;104
E01006623;13,29;20374;7;0,077;22216;7;0,108;14396;5;12,586;19480;6;0,399;10632;4;-0,923;28707;9;13,159;25275;8;15,631;17994;6;0,076;24444;8;0,117;20264;7;-0,957;28968;9;0,336;12177;4;0,273;11192;4;-3,112;29910;10;-0,267;20372;7;0,36;10655;4;1474;232;872;370;885,5;105
E01006624;40,713;4306;2;0,252;5379;2;0,242;2818;1;30,315;8464;3;1,609;1277;1;0,429;10014;4;23,422;12720;4;21,571;13559;5;0,277;7854;3;0,291;6274;2;0,169;13547;5;0,425;5246;2;0,455;8521;3;-0,049;15708;5;0,281;12391;4;0,194;13016;4;1566;265;946;355;954;106
E01006625;19,714;14501;5;0,135;13913;5;0,12;12620;4;13,318;18782;6;0,747;6623;3;-0,409;22675;7;3,147;32615;10;33,821;7035;3;0,155;15799;5;0,196;12191;4;-0,572;24846;8;0,324;13329;5;-1,119;30517;10;-2,157;26782;9;0,7;6998;3;0,595;7676;3;1375;226;755;394;759,25;107
E01006626;24,585;11083;4;0,149;12556;4;0,155;8567;3;12,817;19253;6;0,85;5657;2;0,429;10016;4;8,24;30327;10;35,43;6375;2;0,156;15690;5;0,221;10267;4;-0,873;28226;9;0,335;12247;4;-0,309;21178;7;-1,695;24599;8;0,764;6329;2;0,612;7507;3;1425;192;840;393;843,25;108
E01006627;28,548;8895;3;0,159;11589;4;0,154;8622;3;20,017;13759;5;0,971;4637;2;1,028;3137;1;9,985;28819;9;32,037;7764;3;0,134;17663;6;0,236;9265;3;0;16224;5;0,345;11233;4;-0,144;18295;6;-1,649;24387;8;0,605;8072;3;0,624;7379;3;1378;226;826;326;818,25;109
E01006628;21,668;12958;4;0,132;14253;5;0,106;14735;5;6,682;25417;8;0,872;5451;2;-0,219;19875;7;22,709;13523;5;42,292;4057;2;0,157;15608;5;0,29;6341;2;-0,407;22564;7;0,207;26504;9;0,683;5916;2;-1,534;23789;8;1,153;3048;1;0,278;11819;4;1914;267;1335;312;1317;110
E01006629;29,014;8693;3;0,188;9181;3;0,183;6131;2;20,514;13408;5;1,214;2993;1;-0,06;17474;6;16,571;21046;7;24,284;11836;4;0,279;7729;3;0,286;6535;2;0,405;10050;4;0,288;17320;6;0,257;11453;4;-1,119;21626;7;0,331;11637;4;0,391;10225;4;1242;134;760;348;791,75;111
E01006630;70,93;241;1;0,454;287;1;0,386;173;1;73,4;573;1;2,422;116;1;0,917;4133;2;20,967;15573;5;11,493;21925;7;0,497;826;1;0,525;618;1;1,281;1924;1;0,579;366;1;-0,469;23708;8;1,93;6979;3;-1,203;30104;10;0,533;8396;3;1358;299;846;213;813,5;112
E01006632;54,773;1500;1;0,364;1446;1;0,303;1005;1;49,186;3321;2;1,883;624;1;0,389;10550;4;15,384;22551;7;31,712;7919;3;0,478;1119;1;0,404;2363;1;0,854;4973;2;0,49;2416;1;-1,183;30873;10;1,422;8853;3;0,571;8489;3;0,657;6973;3;1846;374;1141;331;1134,25;113
E01006633;66,298;462;1;0,443;365;1;0,356;336;1;75,77;460;1;2,019;413;1;0,012;16346;5;16,33;21366;7;26,854;10316;4;0,445;1724;1;0,575;338;1;1,256;2050;1;0,605;185;1;-1,048;30033;10;1,552;8356;3;0,339;11532;4;0,629;7325;3;1439;278;807;354;821,5;114
E01006637;53,095;1711;1;0,397;819;1;0,305;968;1;43,776;4417;2;1,512;1587;1;0,376;10741;4;14,429;23764;8;22,963;12650;4;0,419;2323;1;0,52;649;1;0,729;6186;2;0,467;3290;2;-0,513;24345;8;0,621;12315;4;-0,019;16755;6;0,776;5812;2;1570;401;958;211;927;115
E01006638;69,206;301;1;0,452;297;1;0,362;301;1;80,603;274;1;1,97;493;1;0,847;4795;2;13,53;24852;8;22,941;12661;4;0,57;242;1;0,489;939;1;1,832;316;1;0,543;913;1;-0,792;27826;9;0,764;11653;4;-0,037;17014;6;0,795;5645;2;1220;281;712;227;703,75;116