B25077_001E,B02001_002E,B01003_001E,B25003_003E,B25001_001E,B09019_006E,B09019_001E,B15003_002E,B25018_001E,B19083_001E,B01002_001E,B08303_001E,B19013_001E,GEOID
37.1,2590.0,2375.0,1299.0,2590.0,137.0,0.0,62500.0,0.5355,2530.0,946.0,3.9,732900.0,06073018300
41.2,5147.0,4069.0,1970.0,5147.0,562.0,24.0,88165.0,0.4265,1633.0,335.0,6.5,473800.0,06073018601
54.4,5595.0,4925.0,1702.0,5595.0,442.0,34.0,110804.0,0.4985,2308.0,644.0,6.2,930600.0,06073017601
42.3,7026.0,5625.0,3390.0,7026.0,638.0,46.0,100539.0,0.4003,2351.0,462.0,6.6,478500.0,06073019301
21.8,40402.0,30455.0,24143.0,40402.0,2456.0,23.0,41709.0,0.3196,7523.0,7146.0,5.4,515570.89638157893,06073018700
33.1,5268.0,5010.0,3307.0,5268.0,532.0,43.0,75618.0,0.3845,3088.0,1957.0,4.2,835400.0,06073007301
43.8,4829.0,4232.0,2107.0,4829.0,652.0,0.0,128000.0,0.3607,1725.0,274.0,6.2,691100.0,06073017108
38.6,8912.0,5957.0,3505.0,8912.0,973.0,58.0,91961.0,0.4164,2802.0,633.0,7.2,567600.0,06073018611
45.4,2976.0,2571.0,1174.0,2976.0,364.0,7.0,169821.0,0.3329,1031.0,87.0,7.1,801800.0,06073017107
23.2,804.0,535.0,597.0,804.0,4.0,0.0,75402.79871175524,0.41074138486312395,4.0,4.0,5.142765273311893,515570.89638157893,06073009901
27.7,3269.0,2916.0,2072.0,3269.0,298.0,36.0,61369.0,0.3698,1549.0,1219.0,3.9,648700.0,06073007908
52.9,4665.0,4349.0,1682.0,4665.0,408.0,0.0,114458.0,0.5067,2395.0,630.0,6.5,1088700.0,06073007100
52.9,3058.0,2753.0,1076.0,3058.0,270.0,0.0,112542.0,0.4082,1321.0,277.0,6.2,972800.0,06073008301
35.8,4270.0,3607.0,1972.0,4270.0,536.0,28.0,60536.0,0.4077,1822.0,942.0,5.0,466300.0,06073019905
48.9,3226.0,2779.0,1148.0,3226.0,395.0,0.0,127778.0,0.3635,1209.0,130.0,7.0,824200.0,06073008306
35.6,7031.0,5566.0,3450.0,7031.0,734.0,0.0,73395.0,0.4151,2876.0,1558.0,4.9,533100.0,06073019904
34.1,4202.0,3620.0,2387.0,4202.0,487.0,90.0,70469.0,0.3877,1346.0,612.0,5.4,430200.0,06073019902
25.5,2115.0,1192.0,1219.0,2115.0,128.0,0.0,65729.0,0.4597,868.0,640.0,3.9,427600.0,06073008339
33.4,3684.0,2661.0,1827.0,3684.0,319.0,18.0,38958.0,0.4763,1883.0,1494.0,3.7,462900.0,06073009102
56.3,2863.0,2588.0,1263.0,2863.0,308.0,0.0,131607.0,0.5436,1335.0,135.0,6.9,1226100.0,06073000100
38.8,2330.0,1706.0,1184.0,2330.0,261.0,0.0,88681.0,0.4494,1269.0,705.0,4.1,599400.0,06073006100
36.4,15695.0,8965.0,6686.0,15695.0,1631.0,0.0,148889.0,0.4488,5422.0,2182.0,5.9,1082700.0,06073008333
52.8,2072.0,1905.0,754.0,2072.0,277.0,6.0,107794.0,0.5136,965.0,315.0,6.6,2000001.0,06073010900
36.1,8117.0,5121.0,3875.0,8117.0,1020.0,201.0,66162.0,0.4276,2826.0,1328.0,5.1,460300.0,06073008509
39.3,6851.0,4699.0,2973.0,6851.0,477.0,58.0,42483.0,0.553,3895.0,2659.0,2.6,386000.0,06073005100
37.5,3282.0,2994.0,1796.0,3282.0,255.0,0.0,73477.0,0.4253,1759.0,1073.0,4.1,668400.0,06073000500
34.4,1843.0,1254.0,1220.0,1843.0,117.0,0.0,50109.0,0.4896,1166.0,940.0,3.2,565400.0,06073004600
37.21261980830668,0.0,0.0,0.0,0.0,0.0,0.0,75402.79871175524,0.41074138486312395,0.0,0.0,5.142765273311893,515570.89638157893,06073990100
36.4,3713.0,3031.0,2161.0,3713.0,414.0,13.0,71836.0,0.4169,1996.0,1087.0,4.2,604400.0,06073001500
34.6,6707.0,2065.0,3982.0,6707.0,582.0,71.0,84358.0,0.3702,2267.0,1056.0,4.3,389800.0,06073008360
34.6,3556.0,1855.0,1554.0,3556.0,489.0,56.0,100469.0,0.3346,1214.0,426.0,5.4,520700.0,06073017036
32.1,9130.0,7065.0,4915.0,9130.0,854.0,0.0,74931.0,0.3948,4940.0,3480.0,4.1,336800.0,06073009304
37.21261980830668,0.0,0.0,0.0,0.0,0.0,0.0,75402.79871175524,0.41074138486312395,0.0,0.0,5.142765273311893,515570.89638157893,06073009902
27.5,4739.0,2672.0,1940.0,4739.0,474.0,82.0,41176.0,0.3852,1182.0,747.0,4.4,263600.0,06073003501
26.8,3244.0,1468.0,1189.0,3244.0,398.0,79.0,44702.0,0.3627,784.0,493.0,4.7,230200.0,06073003602
37.3,4081.0,2678.0,1764.0,4081.0,401.0,6.0,82361.0,0.3466,1544.0,602.0,5.3,500800.0,06073009502
34.7,6442.0,3559.0,3079.0,6442.0,517.0,52.0,122568.0,0.3906,2125.0,666.0,5.6,700800.0,06073017043
31.7,3847.0,2878.0,1547.0,3847.0,449.0,79.0,41176.0,0.3806,1083.0,897.0,3.8,338100.0,06073011602
29.4,6422.0,4793.0,2802.0,6422.0,713.0,138.0,44347.0,0.3925,1882.0,1011.0,4.2,89400.0,06073010103
39.9,6083.0,3373.0,2274.0,6083.0,573.0,331.0,28036.0,0.4934,2573.0,1839.0,3.4,391700.0,06073011700
26.8,4287.0,2286.0,1620.0,4287.0,506.0,83.0,35307.0,0.4399,1084.0,704.0,4.3,515570.89638157893,06073003304
32.7,1679.0,1349.0,652.0,1679.0,231.0,52.0,29886.0,0.4904,821.0,592.0,2.9,327500.0,06073012302
26.9,3907.0,3192.0,1646.0,3907.0,382.0,148.0,34259.0,0.3582,1073.0,940.0,3.7,307600.0,06073020213
38.3,5429.0,3484.0,2378.0,5429.0,621.0,30.0,100082.0,0.3435,2250.0,1066.0,4.7,585200.0,06073017052
40.7,4070.0,3185.0,1615.0,4070.0,377.0,100.0,49761.0,0.4899,1497.0,833.0,4.7,377500.0,06073012800
31.8,6111.0,4689.0,2380.0,6111.0,637.0,216.0,43830.0,0.4139,1612.0,832.0,4.6,207900.0,06073010106
34.7,7350.0,5376.0,2980.0,7350.0,872.0,200.0,39136.0,0.3532,2587.0,1465.0,3.9,94500.0,06073013206
36.2,7921.0,4509.0,3730.0,7921.0,774.0,107.0,127841.0,0.3678,2741.0,900.0,5.7,663100.0,06073017042
46.6,3812.0,3067.0,1404.0,3812.0,375.0,39.0,45833.0,0.4275,1516.0,945.0,4.0,481300.0,06073012303
37.6,3525.0,2921.0,1479.0,3525.0,466.0,65.0,52277.0,0.4031,1492.0,688.0,5.1,429500.0,06073012304
36.7,3393.0,2409.0,1566.0,3393.0,352.0,26.0,75930.0,0.342,1180.0,240.0,5.3,404900.0,06073012900
41.0,4861.0,3222.0,2216.0,4861.0,484.0,46.0,110906.0,0.3891,1431.0,220.0,6.1,556400.0,06073017040
41.5,4189.0,3485.0,1801.0,4189.0,587.0,17.0,78241.0,0.4381,1504.0,224.0,6.0,438500.0,06073013401
31.5,5023.0,2728.0,2293.0,5023.0,531.0,20.0,47535.0,0.4147,1774.0,1196.0,4.6,413400.0,06073002905
36.7,6521.0,4322.0,2682.0,6521.0,638.0,164.0,74199.0,0.3399,1542.0,207.0,6.3,344100.0,06073010003
38.9,6393.0,4225.0,2847.0,6393.0,473.0,145.0,74033.0,0.3201,1931.0,467.0,5.9,368900.0,06073014200
28.0,7053.0,5891.0,2730.0,7053.0,725.0,100.0,41703.0,0.3866,1740.0,1279.0,4.2,366300.0,06073010009
34.0,6952.0,2188.0,2506.0,6952.0,800.0,221.0,57035.0,0.4599,1849.0,762.0,5.2,357500.0,06073003115
31.4,4674.0,1745.0,2002.0,4674.0,475.0,148.0,66071.0,0.2967,1127.0,304.0,5.3,325900.0,06073003105
31.7,3988.0,2231.0,1698.0,3988.0,414.0,94.0,60000.0,0.3738,1038.0,297.0,6.0,342900.0,06073003108
35.5,3658.0,1603.0,1728.0,3658.0,328.0,18.0,91645.0,0.3393,1181.0,600.0,4.9,513800.0,06073013420
35.9,4303.0,3157.0,1822.0,4303.0,716.0,50.0,61250.0,0.4511,1883.0,1104.0,4.6,616500.0,06073014901
40.1,3339.0,2536.0,1580.0,3339.0,408.0,49.0,54345.0,0.4246,1445.0,918.0,4.3,477900.0,06073014902
39.8,7797.0,4980.0,3410.0,7797.0,767.0,53.0,101747.0,0.2873,2337.0,526.0,6.1,481500.0,06073013414
35.7,4789.0,3471.0,1981.0,4789.0,486.0,17.0,66467.0,0.3656,1756.0,678.0,5.6,433900.0,06073013801
42.0,1923.0,1514.0,855.0,1923.0,202.0,16.0,93250.0,0.3347,690.0,109.0,5.7,418100.0,06073016613
29.5,4465.0,2726.0,2116.0,4465.0,495.0,52.0,70605.0,0.3126,1135.0,645.0,5.4,347200.0,06073013908
37.7,5247.0,3229.0,1941.0,5247.0,545.0,44.0,46793.0,0.4265,1683.0,829.0,5.1,282500.0,06073013906
46.5,5200.0,3572.0,2100.0,5200.0,511.0,27.0,92885.0,0.406,1750.0,257.0,7.2,624100.0,06073013411
36.7,6158.0,5327.0,3086.0,6158.0,705.0,24.0,93880.0,0.3329,1961.0,422.0,6.0,428600.0,06073016612
39.6,6344.0,5164.0,3152.0,6344.0,697.0,26.0,69823.0,0.3884,2196.0,1005.0,5.7,518600.0,06073016100
27.0,3849.0,2234.0,1690.0,3849.0,355.0,206.0,39286.0,0.4004,1014.0,893.0,4.1,515570.89638157893,06073015901
30.8,5031.0,3548.0,2070.0,5031.0,616.0,150.0,45885.0,0.4117,1728.0,1109.0,4.3,369800.0,06073015902
28.3,3609.0,2428.0,1825.0,3609.0,437.0,22.0,43458.0,0.4047,1443.0,1296.0,3.8,172500.0,06073016202
38.2,3266.0,2708.0,1584.0,3266.0,461.0,5.0,116643.0,0.3318,1032.0,134.0,6.0,574100.0,06073017010
37.6,8449.0,5102.0,4079.0,8449.0,659.0,48.0,125988.0,0.3602,2517.0,432.0,6.7,588800.0,06073013410
39.9,5021.0,3540.0,2235.0,5021.0,500.0,82.0,61159.0,0.3919,1981.0,777.0,5.4,402900.0,06073013505
29.5,6022.0,3939.0,2282.0,6022.0,787.0,109.0,41426.0,0.467,1700.0,1140.0,4.2,338000.0,06073016302
34.1,7920.0,6061.0,3266.0,7920.0,641.0,230.0,64559.0,0.4988,2583.0,1390.0,4.7,472900.0,06073016402
36.1,7073.0,6451.0,2903.0,7073.0,1071.0,6.0,62169.0,0.4071,2780.0,1315.0,5.0,400400.0,06073021205
46.7,5660.0,5287.0,2505.0,5660.0,630.0,24.0,113715.0,0.3744,1917.0,96.0,6.9,635100.0,06073021204
43.0,2214.0,2065.0,894.0,2214.0,161.0,2.0,95278.0,0.378,1189.0,140.0,5.1,385000.0,06073020902
40.8,3370.0,3188.0,1658.0,3370.0,349.0,9.0,80648.0,0.4977,2255.0,1364.0,4.1,774000.0,06073018000
38.2,3057.0,2348.0,1362.0,3057.0,301.0,68.0,69868.0,0.3608,916.0,266.0,5.8,361900.0,06073018510
28.6,3853.0,2412.0,1848.0,3853.0,480.0,23.0,57571.0,0.378,1308.0,716.0,5.3,341400.0,06073018613
47.3,4400.0,3848.0,1637.0,4400.0,600.0,32.0,96694.0,0.4559,2230.0,432.0,5.9,784200.0,06073017813
44.9,4489.0,4009.0,2055.0,4489.0,496.0,19.0,103750.0,0.3697,1745.0,220.0,6.5,599500.0,06073019804
33.8,9422.0,7036.0,4329.0,9422.0,1068.0,53.0,70938.0,0.4166,3677.0,1642.0,5.6,440700.0,06073018513
32.7,3912.0,2812.0,1684.0,3912.0,430.0,66.0,69185.0,0.4301,1340.0,566.0,5.8,430900.0,06073018516
39.5,7421.0,6166.0,3140.0,7421.0,782.0,45.0,66563.0,0.572,3341.0,1624.0,4.5,811000.0,06073017604
44.4,3009.0,2730.0,1345.0,3009.0,311.0,0.0,155350.0,0.4737,1383.0,439.0,5.5,1583300.0,06073017303
50.7,4338.0,4163.0,1919.0,4338.0,311.0,0.0,122563.0,0.5662,2838.0,1006.0,5.1,2000001.0,06073017200
32.1,4154.0,3549.0,2667.0,4154.0,445.0,51.0,101591.0,0.4358,1873.0,1251.0,4.1,876600.0,06073008003
28.5,2895.0,2777.0,1956.0,2895.0,65.0,5.0,74643.0,0.4059,1662.0,1072.0,3.8,863600.0,06073007905
28.8,3532.0,3070.0,2502.0,3532.0,211.0,0.0,68255.0,0.3712,1767.0,1430.0,3.7,617000.0,06073007907
34.2,3869.0,3103.0,1703.0,3869.0,412.0,33.0,77872.0,0.3858,1298.0,404.0,6.1,434700.0,06073018612
35.3,3684.0,3336.0,2457.0,3684.0,169.0,0.0,62560.0,0.4218,2339.0,1748.0,3.5,505600.0,06073007501
42.7,3955.0,3755.0,1690.0,3955.0,459.0,33.0,106776.0,0.3963,1508.0,442.0,6.1,728400.0,06073017104
37.6,11962.0,9682.0,4515.0,11962.0,1338.0,52.0,102413.0,0.4451,4561.0,859.0,5.9,541700.0,06073019806
44.0,7611.0,6213.0,3446.0,7611.0,967.0,0.0,106331.0,0.4295,3456.0,1095.0,5.7,691800.0,06073020014
42.1,5077.0,4544.0,2406.0,5077.0,626.0,20.0,82176.0,0.3223,1711.0,470.0,5.7,455600.0,06073019702
30.1,5811.0,3135.0,3169.0,5811.0,448.0,0.0,71629.0,0.3986,2902.0,2090.0,3.7,601100.0,06073008364
31.9,3498.0,2927.0,1514.0,3498.0,383.0,56.0,46850.0,0.4666,1258.0,757.0,4.5,515570.89638157893,06073020017
52.6,6745.0,5545.0,3006.0,6745.0,633.0,186.0,52917.0,0.4684,2958.0,681.0,5.5,195800.0,06073020019
45.7,3924.0,3132.0,1651.0,3924.0,539.0,53.0,84722.0,0.479,1599.0,343.0,6.0,697900.0,06073008307
38.9,6571.0,4099.0,3031.0,6571.0,548.0,122.0,68665.0,0.4293,2204.0,757.0,5.2,493200.0,06073008505
33.0,3299.0,2895.0,2092.0,3299.0,189.0,0.0,99335.0,0.441,2622.0,1580.0,3.1,466300.0,06073005800
46.4,4452.0,3188.0,1921.0,4452.0,617.0,11.0,65570.0,0.4198,1867.0,460.0,6.0,510400.0,06073020026
39.8,5263.0,4083.0,1802.0,5263.0,172.0,59.0,54009.0,0.6363,2789.0,2042.0,2.3,801500.0,06073005300
40.6,3970.0,1357.0,1888.0,3970.0,342.0,26.0,102063.0,0.3345,1094.0,378.0,5.4,461000.0,06073008349
33.5,5944.0,4055.0,3030.0,5944.0,565.0,157.0,78211.0,0.4467,2835.0,1152.0,5.1,520800.0,06073009202
34.7,3397.0,2787.0,2040.0,3397.0,336.0,10.0,84321.0,0.3962,1742.0,965.0,4.2,669200.0,06073001400
44.0,2215.0,1575.0,1101.0,2215.0,231.0,14.0,136458.0,0.3009,752.0,83.0,7.1,643400.0,06073008336
27.7,4353.0,2051.0,1589.0,4353.0,537.0,108.0,30845.0,0.5,1123.0,746.0,4.3,309800.0,06073003901
35.0,4714.0,3341.0,2460.0,4714.0,518.0,13.0,87969.0,0.354,2228.0,1132.0,4.6,488800.0,06073009305
34.7,4791.0,3366.0,2043.0,4791.0,544.0,72.0,63553.0,0.396,1907.0,899.0,5.0,401500.0,06073020025
36.8,11815.0,9861.0,4146.0,11815.0,1421.0,16.0,129920.0,0.5052,4092.0,985.0,7.5,1068400.0,06073017110
43.6,4415.0,3203.0,1929.0,4415.0,455.0,37.0,62083.0,0.4447,1558.0,527.0,5.8,381000.0,06073020024
40.0,6031.0,5219.0,2936.0,6031.0,884.0,96.0,104361.0,0.3948,2517.0,648.0,5.0,633700.0,06073004200
27.9,4118.0,2190.0,1758.0,4118.0,580.0,139.0,35989.0,0.3794,1125.0,758.0,4.2,314000.0,06073003603
33.1,5444.0,3401.0,3149.0,5444.0,654.0,10.0,54910.0,0.3863,2869.0,1788.0,3.9,271700.0,06073009603
28.9,7826.0,3995.0,2629.0,7826.0,798.0,463.0,30231.0,0.3857,2325.0,2051.0,3.8,319600.0,06073002302
36.1,4633.0,2077.0,2523.0,4633.0,430.0,80.0,72390.0,0.358,1816.0,1069.0,3.8,279400.0,06073017018
39.2,3693.0,2888.0,1647.0,3693.0,390.0,0.0,73590.0,0.3927,1476.0,652.0,5.0,487400.0,06073009604
27.3,5149.0,4272.0,1984.0,5149.0,787.0,76.0,38250.0,0.3888,1448.0,1184.0,4.0,231300.0,06073010112
35.9,4071.0,2805.0,1955.0,4071.0,350.0,112.0,83750.0,0.346,1242.0,340.0,5.9,376000.0,06073020403
38.3,7516.0,4312.0,3534.0,7516.0,757.0,14.0,101649.0,0.3816,2852.0,1061.0,5.0,547000.0,06073017039
42.5,2753.0,1584.0,1234.0,2753.0,329.0,17.0,150391.0,0.3727,869.0,64.0,7.7,825400.0,06073017045
33.7,5622.0,4550.0,2809.0,5622.0,531.0,129.0,85278.0,0.3093,1312.0,432.0,5.4,351100.0,06073020109
34.9,3620.0,2495.0,1638.0,3620.0,403.0,67.0,92616.0,0.3503,1094.0,178.0,5.8,386300.0,06073003204
34.3,5174.0,3772.0,2395.0,5174.0,433.0,86.0,74364.0,0.3625,1645.0,486.0,5.5,398100.0,06073013301
36.6,5321.0,4054.0,2199.0,5321.0,531.0,148.0,55781.0,0.4403,1580.0,512.0,4.9,329600.0,06073013303
33.8,5141.0,2589.0,2499.0,5141.0,659.0,95.0,64846.0,0.3279,1615.0,473.0,5.4,323200.0,06073003214
32.9,6796.0,4676.0,3031.0,6796.0,786.0,106.0,57734.0,0.3907,2826.0,1913.0,4.2,425100.0,06073015000
45.0,2391.0,2040.0,1107.0,2391.0,325.0,5.0,84643.0,0.3868,908.0,154.0,6.7,599900.0,06073013701
46.5,2206.0,1500.0,963.0,2206.0,199.0,24.0,125859.0,0.324,637.0,68.0,6.9,579400.0,06073013417
39.3,2389.0,1779.0,1113.0,2389.0,299.0,12.0,74425.0,0.3857,899.0,362.0,5.5,490200.0,06073016000
30.0,5353.0,3559.0,2093.0,5353.0,742.0,130.0,36895.0,0.4407,1783.0,1254.0,4.1,316600.0,06073016301
30.8,7157.0,4298.0,2443.0,7157.0,764.0,112.0,37619.0,0.4082,2147.0,1708.0,3.6,17900.0,06073015701
36.9,6836.0,5601.0,2919.0,6836.0,688.0,67.0,83750.0,0.3975,2265.0,858.0,5.7,541100.0,06073013604
48.6,2606.0,2225.0,1149.0,2606.0,253.0,17.0,131071.0,0.4155,923.0,78.0,7.6,685100.0,06073015406
33.0,5991.0,4984.0,2713.0,5991.0,652.0,10.0,56014.0,0.4015,2139.0,991.0,4.6,350700.0,06073020806
45.3,1940.0,1590.0,592.0,1940.0,234.0,5.0,59917.0,0.4043,744.0,154.0,5.5,239200.0,06073019107
51.4,7131.0,6785.0,2887.0,7131.0,806.0,52.0,73452.0,0.4698,2839.0,295.0,5.8,384500.0,06073016802
36.2,7738.0,6048.0,1803.0,7738.0,496.0,42.0,73587.0,0.4413,1546.0,183.0,5.5,499800.0,06073021302
59.4,1909.0,1576.0,624.0,1909.0,287.0,0.0,54866.0,0.3808,1743.0,288.0,4.7,382500.0,06073020904
42.7,7434.0,6374.0,1831.0,7434.0,558.0,149.0,42893.0,0.4683,3187.0,776.0,5.4,237300.0,06073021100
42.3,6514.0,5193.0,3053.0,6514.0,820.0,20.0,83657.0,0.3768,2787.0,1047.0,5.4,747900.0,06073017801
42.6,2558.0,2237.0,1141.0,2558.0,279.0,6.0,90882.0,0.4485,899.0,195.0,6.3,762200.0,06073017809
40.7,2981.0,2702.0,1525.0,2981.0,355.0,0.0,104808.0,0.4811,1481.0,679.0,4.4,924700.0,06073017501
41.0,8551.0,5674.0,3835.0,8551.0,952.0,94.0,78295.0,0.4377,3115.0,1075.0,6.1,472400.0,06073018514
36.6,4021.0,3750.0,1943.0,4021.0,524.0,30.0,101417.0,0.506,2242.0,1087.0,4.4,1391700.0,06073008101
56.3,2709.0,2563.0,1099.0,2709.0,244.0,13.0,78056.0,0.5798,2317.0,1041.0,4.0,1382100.0,06073008200
41.2,5860.0,5394.0,3052.0,5860.0,618.0,27.0,114479.0,0.4983,2757.0,1256.0,4.8,1114800.0,06073017401
35.8,4877.0,3790.0,2286.0,4877.0,479.0,37.0,63938.0,0.3737,1594.0,525.0,5.2,374700.0,06073019406
32.0,7177.0,5037.0,3133.0,7177.0,703.0,71.0,52430.0,0.3457,2394.0,1354.0,4.8,374100.0,06073019701
27.7,3538.0,2859.0,1494.0,3538.0,345.0,46.0,42625.0,0.395,918.0,644.0,4.7,330700.0,06073019501
32.2,2581.0,1695.0,1351.0,2581.0,189.0,0.0,64688.0,0.4332,1556.0,804.0,3.8,355900.0,06073008361
35.5,6509.0,5200.0,2881.0,6509.0,691.0,51.0,48168.0,0.4445,2153.0,937.0,4.9,319800.0,06073019205
56.1,2723.0,2282.0,978.0,2723.0,353.0,0.0,114063.0,0.5315,1304.0,140.0,7.3,1174600.0,06073017306
41.0,13670.0,10007.0,5560.0,13670.0,1667.0,0.0,118333.0,0.4244,4964.0,1006.0,6.4,771600.0,06073020013
43.1,6787.0,5967.0,2725.0,6787.0,578.0,0.0,135526.0,0.4327,2352.0,474.0,7.2,898600.0,06073017109
44.8,2421.0,1874.0,1138.0,2421.0,304.0,9.0,164250.0,0.3337,900.0,165.0,6.5,827200.0,06073008331
27.1,2002.0,1053.0,879.0,2002.0,152.0,0.0,37863.0,0.4797,815.0,706.0,4.0,517900.0,06073008305
27.1,7953.0,3530.0,3302.0,7953.0,292.0,4.0,59447.0,0.5538,3973.0,3075.0,3.5,435200.0,06073008341
30.7,6067.0,5296.0,3801.0,6067.0,571.0,0.0,66091.0,0.4142,2767.0,2062.0,3.9,561200.0,06073007800
31.6,4667.0,4359.0,2801.0,4667.0,447.0,21.0,66212.0,0.4716,3863.0,1777.0,3.7,742600.0,06073007600
22.6,2893.0,1980.0,1414.0,2893.0,7.0,0.0,146250.0,0.283,57.0,33.0,5.3,515570.89638157893,06073011300
40.8,6663.0,3617.0,2503.0,6663.0,825.0,20.0,167689.0,0.4088,2225.0,255.0,7.6,1156000.0,06073008328
38.4,9625.0,7977.0,4192.0,9625.0,1158.0,226.0,56323.0,0.5419,2980.0,1364.0,5.8,543300.0,06073019207
27.9,4566.0,3198.0,2038.0,4566.0,519.0,69.0,52593.0,0.4401,1359.0,874.0,4.7,530500.0,06073009000
40.2,4669.0,4145.0,1935.0,4669.0,420.0,3.0,97222.0,0.484,1988.0,1020.0,5.0,1276200.0,06073011100
42.1,3732.0,3403.0,1610.0,3732.0,484.0,24.0,96728.0,0.4357,1750.0,1113.0,4.1,1256300.0,06073011000
38.2,16449.0,12239.0,6408.0,16449.0,2221.0,94.0,112813.0,0.4068,6110.0,1283.0,6.4,624200.0,06073020027
48.6,4942.0,4626.0,1372.0,4942.0,633.0,0.0,108750.0,0.511,2088.0,272.0,7.9,2000001.0,06073017106
37.2,3143.0,2451.0,2025.0,3143.0,241.0,17.0,60909.0,0.4525,2008.0,1324.0,3.6,454500.0,06073000600
36.2,4230.0,1316.0,2196.0,4230.0,268.0,50.0,74212.0,0.4171,1417.0,699.0,5.3,458300.0,06073008351
23.2,258.0,133.0,50.0,258.0,0.0,0.0,75402.79871175524,0.41074138486312395,0.0,0.0,5.142765273311893,515570.89638157893,06073005500
36.0,8148.0,5931.0,3605.0,8148.0,852.0,28.0,81706.0,0.3906,2581.0,860.0,6.4,563800.0,06073020022
43.1,3152.0,1749.0,1430.0,3152.0,315.0,47.0,149063.0,0.3066,963.0,101.0,7.6,793900.0,06073008365
35.2,5462.0,1420.0,2883.0,5462.0,351.0,145.0,89238.0,0.3405,1544.0,645.0,4.7,372300.0,06073008357
41.8,7384.0,2661.0,4032.0,7384.0,976.0,193.0,83769.0,0.316,2278.0,684.0,5.7,422000.0,06073008358
29.3,4284.0,2343.0,1542.0,4284.0,506.0,176.0,34199.0,0.3447,1391.0,830.0,3.9,342600.0,06073003902
28.2,5166.0,4210.0,2242.0,5166.0,486.0,158.0,36589.0,0.3666,1306.0,895.0,4.2,283300.0,06073004000
34.3,4770.0,2969.0,2512.0,4770.0,420.0,56.0,43585.0,0.4082,2480.0,1859.0,3.3,351300.0,06073001600
33.1,4679.0,3726.0,2879.0,4679.0,368.0,16.0,47208.0,0.3866,2422.0,1729.0,3.7,350000.0,06073001700
33.3,8450.0,2679.0,4414.0,8450.0,816.0,197.0,113071.0,0.3191,2816.0,1471.0,4.9,561100.0,06073008354
17.9,4790.0,3476.0,1467.0,4790.0,527.0,8.0,53214.0,0.3478,1325.0,1265.0,5.9,515570.89638157893,06073009510
34.4,3722.0,2535.0,1711.0,3722.0,303.0,105.0,37016.0,0.5153,1131.0,732.0,3.9,356900.0,06073011801
27.5,3719.0,1214.0,1259.0,3719.0,511.0,108.0,38512.0,0.4687,1004.0,689.0,4.5,338200.0,06073003301
38.1,2818.0,2307.0,1421.0,2818.0,243.0,6.0,87750.0,0.4962,1214.0,420.0,5.5,647900.0,06073002002
36.3,4744.0,3577.0,2577.0,4744.0,535.0,0.0,79696.0,0.4429,1919.0,929.0,5.4,593100.0,06073020404
34.0,5318.0,4375.0,2228.0,5318.0,690.0,90.0,43080.0,0.4131,2113.0,1499.0,3.5,370700.0,06073012402
37.2,4542.0,1524.0,2047.0,4542.0,323.0,162.0,56184.0,0.4714,1355.0,478.0,5.3,334500.0,06073002705
30.2,4653.0,1857.0,1834.0,4653.0,428.0,325.0,42721.0,0.517,1259.0,869.0,4.2,332900.0,06073002710
34.4,4165.0,2585.0,2482.0,4165.0,386.0,61.0,87787.0,0.4505,2342.0,1345.0,3.8,604400.0,06073009509
28.2,5180.0,3957.0,2346.0,5180.0,404.0,86.0,48059.0,0.4244,1441.0,822.0,4.5,430700.0,06073020500
31.2,5335.0,4314.0,2589.0,5335.0,599.0,86.0,38299.0,0.4172,2025.0,1543.0,3.4,422300.0,06073012700
28.4,2370.0,1844.0,859.0,2370.0,231.0,64.0,34205.0,0.4252,674.0,358.0,4.1,515570.89638157893,06073013205
27.2,6511.0,4281.0,2971.0,6511.0,596.0,179.0,54504.0,0.3813,1587.0,1120.0,4.2,342900.0,06073020601
33.2,4900.0,3735.0,2020.0,4900.0,429.0,133.0,75057.0,0.3304,1216.0,329.0,5.4,360400.0,06073010109
29.8,4939.0,3801.0,2378.0,4939.0,452.0,13.0,51842.0,0.3765,1571.0,1096.0,4.5,330600.0,06073020707
41.7,8107.0,5286.0,3881.0,8107.0,1164.0,14.0,90034.0,0.3995,3239.0,1057.0,5.2,568900.0,06073017015
35.3,3778.0,2911.0,1867.0,3778.0,351.0,41.0,91750.0,0.4027,1495.0,552.0,5.6,586800.0,06073009507
33.3,3805.0,3050.0,1505.0,3805.0,445.0,181.0,36458.0,0.4346,1222.0,614.0,4.2,69700.0,06073013204
29.7,5283.0,4688.0,2011.0,5283.0,675.0,203.0,41159.0,0.3789,1341.0,967.0,4.0,289100.0,06073010012
39.1,5846.0,4414.0,2394.0,5846.0,796.0,186.0,48750.0,0.3921,1805.0,715.0,4.6,217700.0,06073010010
34.7,2541.0,1928.0,1217.0,2541.0,213.0,145.0,68553.0,0.3705,644.0,161.0,5.6,356200.0,06073020208
31.0,7955.0,6618.0,2840.0,7955.0,940.0,244.0,36099.0,0.4467,2097.0,1207.0,4.9,340300.0,06073010005
29.3,3690.0,2529.0,1475.0,3690.0,371.0,60.0,60862.0,0.3481,1056.0,409.0,4.9,246500.0,06073013308
32.7,5035.0,3306.0,2434.0,5035.0,717.0,146.0,50802.0,0.4684,1669.0,703.0,4.7,258500.0,06073020210
40.7,4157.0,1194.0,1785.0,4157.0,424.0,74.0,59386.0,0.4011,1156.0,351.0,5.6,379700.0,06073014102
41.3,4420.0,1085.0,2119.0,4420.0,349.0,173.0,100703.0,0.2876,1136.0,153.0,6.0,407000.0,06073003213
35.8,4516.0,2911.0,1791.0,4516.0,396.0,6.0,78011.0,0.3433,1280.0,241.0,6.0,389000.0,06073014002
46.1,5435.0,4674.0,2380.0,5435.0,850.0,19.0,94277.0,0.387,2077.0,445.0,6.6,554200.0,06073016201
36.8,5347.0,4490.0,2422.0,5347.0,598.0,8.0,84361.0,0.3654,1756.0,456.0,5.8,420300.0,06073016609
31.6,3206.0,1703.0,1285.0,3206.0,379.0,37.0,31979.0,0.4131,1402.0,1176.0,3.4,382200.0,06073015801
39.0,2625.0,2352.0,1192.0,2625.0,299.0,8.0,94514.0,0.3387,822.0,97.0,6.1,446900.0,06073016608
33.1,4131.0,2896.0,1773.0,4131.0,455.0,81.0,67780.0,0.4269,1243.0,312.0,5.9,364100.0,06073013506
36.6,9808.0,7717.0,4926.0,9808.0,915.0,162.0,83074.0,0.3939,3635.0,1260.0,5.5,416100.0,06073016701
31.6,20534.0,11552.0,8736.0,20534.0,2119.0,151.0,107352.0,0.3813,5491.0,1313.0,5.9,480600.0,06073013314
39.3,4449.0,3958.0,2001.0,4449.0,655.0,8.0,59054.0,0.4282,1476.0,590.0,4.9,334800.0,06073016806
42.4,3097.0,2747.0,1288.0,3097.0,327.0,56.0,87019.0,0.3596,931.0,148.0,6.0,432300.0,06073016810
33.3,7355.0,6350.0,3347.0,7355.0,1076.0,24.0,54773.0,0.3912,2749.0,1735.0,4.2,405900.0,06073016804
29.9,3062.0,2383.0,1395.0,3062.0,306.0,31.0,90125.0,0.3283,750.0,246.0,6.0,447300.0,06073010015
37.6,2648.0,1875.0,971.0,2648.0,251.0,0.0,97917.0,0.386,874.0,206.0,5.7,441500.0,06073016902
41.2,7307.0,6137.0,3396.0,7307.0,1240.0,0.0,67300.0,0.4507,2649.0,1018.0,6.2,661200.0,06073018504
31.8,7798.0,5265.0,3367.0,7798.0,757.0,174.0,58024.0,0.4183,2140.0,1017.0,5.8,411300.0,06073018610
44.7,2528.0,2229.0,1031.0,2528.0,247.0,5.0,108833.0,0.4835,1036.0,236.0,5.5,778400.0,06073017603
33.1,5776.0,3939.0,2301.0,5776.0,591.0,23.0,56382.0,0.405,1538.0,709.0,5.5,375700.0,06073018519
37.9,9730.0,8050.0,3955.0,9730.0,1238.0,38.0,105151.0,0.4637,3913.0,1423.0,5.4,768200.0,06073022100
43.1,3603.0,3220.0,1450.0,3603.0,455.0,0.0,136067.0,0.5048,1522.0,378.0,5.9,1670100.0,06073008102
36.3,5254.0,4063.0,2432.0,5254.0,588.0,144.0,73281.0,0.4551,1672.0,314.0,5.9,373600.0,06073019403
63.2,4682.0,3952.0,1440.0,4682.0,722.0,43.0,65357.0,0.4088,2380.0,694.0,5.2,532400.0,06073019808
45.2,7196.0,6044.0,3055.0,7196.0,848.0,0.0,134099.0,0.4655,3087.0,890.0,6.0,1178300.0,06073008324
33.7,3256.0,2833.0,2241.0,3256.0,284.0,0.0,71964.0,0.508,1884.0,1272.0,4.2,691200.0,06073007502
25.9,5747.0,4789.0,2417.0,5747.0,545.0,177.0,42212.0,0.3537,1409.0,1128.0,4.2,358900.0,06073019502
38.0,6880.0,5322.0,3082.0,6880.0,770.0,183.0,62380.0,0.4467,2430.0,686.0,5.6,454600.0,06073019303
33.2,3542.0,2640.0,1725.0,3542.0,335.0,0.0,74485.0,0.4215,1740.0,803.0,4.3,528100.0,06073008362
33.7,5825.0,4408.0,2381.0,5825.0,501.0,159.0,44797.0,0.4499,2104.0,1070.0,4.9,356600.0,06073018904
52.1,3184.0,2753.0,1207.0,3184.0,365.0,13.0,106875.0,0.4442,1411.0,228.0,6.6,1037900.0,06073017305
45.5,4841.0,4153.0,2175.0,4841.0,610.0,28.0,91385.0,0.4393,2164.0,580.0,5.5,608100.0,06073020015
38.8,2547.0,2149.0,1278.0,2547.0,294.0,0.0,59057.0,0.4385,1451.0,770.0,4.2,315800.0,06073006801
27.2,5500.0,1958.0,2803.0,5500.0,336.0,47.0,66759.0,0.4298,2322.0,2029.0,3.5,270300.0,06073008363
35.8,5775.0,5138.0,2944.0,5775.0,444.0,0.0,92039.0,0.3845,2176.0,731.0,5.5,591700.0,06073008501
32.5,6932.0,5329.0,3151.0,6932.0,575.0,37.0,69432.0,0.5163,2971.0,1770.0,5.1,637000.0,06073021400
50.3,5991.0,4870.0,2894.0,5991.0,692.0,8.0,103143.0,0.3519,2405.0,478.0,6.0,693600.0,06073009101
44.2,3223.0,2407.0,1590.0,3223.0,189.0,0.0,55273.0,0.5201,1725.0,1280.0,3.5,547300.0,06073006500
40.5,9324.0,6023.0,3566.0,9324.0,1015.0,16.0,191642.0,0.4193,2917.0,445.0,7.7,1092900.0,06073021500
24.4,4509.0,3400.0,2038.0,4509.0,515.0,114.0,37132.0,0.3087,1115.0,1055.0,4.1,253600.0,06073020028
33.7,8062.0,5536.0,3929.0,8062.0,864.0,84.0,66071.0,0.401,3016.0,1535.0,4.6,470200.0,06073008507
55.5,8293.0,7059.0,3181.0,8293.0,1044.0,0.0,90049.0,0.4491,3591.0,551.0,6.7,588900.0,06073018802
40.6,6821.0,4253.0,3132.0,6821.0,777.0,84.0,51327.0,0.5276,2951.0,1549.0,4.8,454600.0,06073008510
48.9,4729.0,3601.0,1853.0,4729.0,462.0,130.0,70734.0,0.4622,2029.0,487.0,5.7,587300.0,06073018803
36.3,4631.0,3839.0,2965.0,4631.0,280.0,53.0,74114.0,0.4396,2549.0,1717.0,3.8,526800.0,06073000700
34.0,1693.0,1382.0,823.0,1693.0,239.0,150.0,28661.0,0.4635,746.0,621.0,3.4,538300.0,06073004700
35.4,6555.0,2223.0,3697.0,6555.0,451.0,125.0,108596.0,0.3325,2296.0,995.0,5.2,500600.0,06073008350
27.8,2401.0,1423.0,882.0,2401.0,337.0,65.0,22614.0,0.5041,742.0,625.0,3.8,411100.0,06073005000
37.1,3722.0,1202.0,1983.0,3722.0,328.0,57.0,81250.0,0.4393,1149.0,483.0,5.5,482200.0,06073008352
39.3,9938.0,5227.0,4604.0,9938.0,967.0,23.0,155106.0,0.3622,3171.0,888.0,6.8,716400.0,06073008335
41.6,7061.0,3670.0,3274.0,7061.0,766.0,1.0,155877.0,0.3472,2236.0,316.0,7.3,750800.0,06073008366
43.5,1490.0,1207.0,644.0,1490.0,147.0,16.0,53676.0,0.5096,607.0,268.0,5.0,447700.0,06073010501
36.3,5667.0,3473.0,3170.0,5667.0,744.0,0.0,72500.0,0.4377,2568.0,1094.0,4.9,505800.0,06073009306
28.8,4491.0,1750.0,1633.0,4491.0,485.0,147.0,32475.0,0.4796,1366.0,967.0,4.1,244300.0,06073003502
24.6,5684.0,3319.0,2777.0,5684.0,238.0,26.0,40144.0,0.4215,675.0,477.0,3.9,187500.0,06073021900
37.6,6108.0,3806.0,2843.0,6108.0,636.0,45.0,78095.0,0.3621,2205.0,611.0,5.7,403800.0,06073020305
37.4,3867.0,2648.0,1749.0,3867.0,355.0,87.0,60909.0,0.35,1098.0,417.0,5.8,358200.0,06073010104
27.5,7893.0,5419.0,3048.0,7893.0,871.0,154.0,41307.0,0.4113,1997.0,1428.0,4.1,340000.0,06073011802
28.3,4092.0,2106.0,1397.0,4092.0,454.0,195.0,32061.0,0.5353,1212.0,954.0,3.9,298200.0,06073002709
34.1,5231.0,3575.0,2559.0,5231.0,486.0,8.0,123380.0,0.2893,1743.0,808.0,5.3,604700.0,06073017034
27.8,5929.0,2803.0,2265.0,5929.0,856.0,252.0,26052.0,0.39,2159.0,1925.0,3.3,263600.0,06073002708
42.7,4512.0,3213.0,2106.0,4512.0,614.0,24.0,113068.0,0.3196,1686.0,376.0,5.9,505100.0,06073009506
27.1,5919.0,4718.0,2218.0,5919.0,521.0,100.0,31735.0,0.3926,1751.0,1528.0,3.4,323000.0,06073020214
35.5,3977.0,1315.0,1823.0,3977.0,481.0,127.0,53155.0,0.369,1161.0,189.0,5.3,351400.0,06073003101
33.6,6558.0,5286.0,2085.0,6558.0,774.0,193.0,52656.0,0.4231,2039.0,987.0,4.5,391500.0,06073013000
52.3,3249.0,2805.0,1410.0,3249.0,330.0,0.0,123229.0,0.3654,1288.0,25.0,7.1,736000.0,06073020405
52.0,2312.0,2173.0,860.0,2312.0,298.0,9.0,115972.0,0.4536,933.0,101.0,7.0,729400.0,06073020401
35.3,6932.0,5112.0,2875.0,6932.0,777.0,190.0,63316.0,0.3684,1859.0,543.0,5.0,290900.0,06073010107
27.2,7190.0,1621.0,2628.0,7190.0,897.0,38.0,41359.0,0.4039,1829.0,1107.0,4.7,363400.0,06073003111
22.9,5453.0,4481.0,2379.0,5453.0,333.0,24.0,71942.0,0.4109,1508.0,554.0,5.8,580000.0,06073002804
27.6,7122.0,5706.0,2982.0,7122.0,824.0,136.0,35901.0,0.3923,1833.0,1421.0,3.9,246200.0,06073020202
33.6,3302.0,2264.0,1336.0,3302.0,363.0,95.0,48938.0,0.4167,981.0,428.0,4.9,325000.0,06073012200
28.7,6238.0,3096.0,2926.0,6238.0,660.0,68.0,58088.0,0.4029,2158.0,1439.0,4.2,372600.0,06073002702
35.5,3980.0,3126.0,1663.0,3980.0,507.0,46.0,80000.0,0.4081,1178.0,294.0,6.7,436500.0,06073020107
42.3,4003.0,3050.0,1717.0,4003.0,412.0,11.0,136728.0,0.3781,1419.0,171.0,6.8,685200.0,06073017047
29.0,6473.0,4771.0,2992.0,6473.0,830.0,38.0,53981.0,0.338,2362.0,1405.0,4.0,378900.0,06073013102
30.2,7005.0,5014.0,3195.0,7005.0,684.0,258.0,42007.0,0.3924,2117.0,1437.0,3.9,338000.0,06073020211
21.5,9038.0,6320.0,4002.0,9038.0,295.0,44.0,37804.0,0.4798,2479.0,1773.0,4.1,520900.0,06073002904
40.3,5339.0,829.0,2453.0,5339.0,277.0,144.0,94123.0,0.3826,1306.0,247.0,6.1,372300.0,06073003113
28.0,4980.0,3366.0,2222.0,4980.0,433.0,74.0,38882.0,0.3933,1386.0,956.0,3.8,188100.0,06073020207
31.0,5115.0,1862.0,2033.0,5115.0,617.0,86.0,45213.0,0.3969,1450.0,767.0,4.4,309000.0,06073003004
38.5,4732.0,3440.0,1604.0,4732.0,352.0,271.0,58910.0,0.3594,1163.0,261.0,6.0,304400.0,06073010004
37.3,6793.0,2847.0,2784.0,6793.0,1048.0,102.0,45135.0,0.3788,2362.0,1140.0,4.2,250600.0,06073003208
33.4,4080.0,2931.0,1813.0,4080.0,436.0,30.0,60323.0,0.3277,1247.0,546.0,5.5,348900.0,06073014300
61.0,6137.0,5163.0,1607.0,6137.0,820.0,31.0,67529.0,0.4332,3048.0,421.0,5.5,586100.0,06073017019
39.2,4765.0,3605.0,2145.0,4765.0,430.0,29.0,44154.0,0.4813,2074.0,1318.0,4.0,427300.0,06073014601
38.7,6187.0,2470.0,2675.0,6187.0,639.0,111.0,66655.0,0.3983,1681.0,450.0,6.0,328700.0,06073003107
34.7,5122.0,3644.0,2243.0,5122.0,602.0,0.0,52398.0,0.3934,2368.0,1899.0,3.5,451600.0,06073014803
42.0,4590.0,2757.0,1960.0,4590.0,392.0,30.0,89572.0,0.4298,1514.0,362.0,6.2,474500.0,06073013421
37.1,4029.0,2764.0,1817.0,4029.0,414.0,58.0,86420.0,0.3596,1331.0,242.0,6.2,487500.0,06073013416
35.8,3807.0,3084.0,2156.0,3807.0,576.0,69.0,89844.0,0.3545,1361.0,277.0,5.7,405800.0,06073016614
34.4,4610.0,3104.0,2079.0,4610.0,393.0,73.0,61050.0,0.3672,1325.0,378.0,6.3,340000.0,06073013909
45.8,3701.0,3128.0,1570.0,3701.0,458.0,12.0,98929.0,0.5376,1497.0,193.0,6.8,635400.0,06073015200
39.4,3611.0,2350.0,1643.0,3611.0,458.0,27.0,85962.0,0.3644,1238.0,235.0,6.3,411900.0,06073013504
38.0,4030.0,3132.0,1381.0,4030.0,351.0,8.0,83889.0,0.3233,901.0,360.0,5.1,414100.0,06073016615
40.4,5317.0,3818.0,2255.0,5317.0,724.0,51.0,75592.0,0.417,2025.0,697.0,6.1,559300.0,06073013601
51.4,5333.0,4319.0,2429.0,5333.0,602.0,41.0,101094.0,0.4274,1919.0,284.0,6.5,598600.0,06073020801
44.7,6124.0,5438.0,2619.0,6124.0,843.0,0.0,104800.0,0.3503,2197.0,353.0,6.1,425900.0,06073020811
39.0,7084.0,6253.0,3805.0,7084.0,908.0,43.0,62321.0,0.4203,3442.0,2306.0,4.1,514400.0,06073017900
32.4,6399.0,4486.0,2830.0,6399.0,656.0,90.0,64903.0,0.3427,1940.0,638.0,5.3,294000.0,06073018609
41.3,2974.0,2002.0,1438.0,2974.0,289.0,15.0,80921.0,0.3835,1170.0,154.0,6.0,423000.0,06073018608
29.4,4090.0,3371.0,2253.0,4090.0,360.0,45.0,66000.0,0.3305,1267.0,786.0,4.6,357200.0,06073019405
39.4,7836.0,6224.0,3637.0,7836.0,823.0,71.0,53689.0,0.4573,3237.0,1483.0,5.5,401900.0,06073019302
52.5,3138.0,2620.0,891.0,3138.0,392.0,10.0,164653.0,0.5021,1196.0,149.0,7.2,2000001.0,06073008311
32.1,5474.0,4099.0,2812.0,5474.0,559.0,37.0,54506.0,0.3618,1738.0,1129.0,4.5,237700.0,06073019503
37.0,2968.0,2677.0,1558.0,2968.0,296.0,0.0,109224.0,0.4094,1117.0,345.0,5.5,893300.0,06073008002
30.2,4660.0,4079.0,3100.0,4660.0,425.0,0.0,59781.0,0.4528,2582.0,1713.0,3.8,423500.0,06073007903
33.6,3957.0,3730.0,2112.0,3957.0,267.0,17.0,61061.0,0.4332,2302.0,1591.0,3.7,828900.0,06073007702
35.3,7014.0,5961.0,3976.0,7014.0,718.0,21.0,74650.0,0.3839,3263.0,1883.0,4.7,639100.0,06073007400
39.9,5911.0,3506.0,1986.0,5911.0,753.0,0.0,138077.0,0.3886,2092.0,601.0,5.8,834400.0,06073008330
37.1,5721.0,4926.0,2697.0,5721.0,591.0,0.0,103782.0,0.4319,2263.0,693.0,6.3,852100.0,06073006900
28.9,9104.0,4763.0,4802.0,9104.0,633.0,34.0,84444.0,0.4071,4751.0,3244.0,4.0,621600.0,06073008340
38.4,5922.0,4805.0,2846.0,5922.0,700.0,145.0,70854.0,0.39,2307.0,724.0,5.6,535400.0,06073008504
46.6,4170.0,3242.0,1854.0,4170.0,404.0,11.0,69122.0,0.423,1788.0,1098.0,4.6,692300.0,06073008345
32.8,5799.0,4055.0,2444.0,5799.0,520.0,160.0,40000.0,0.368,2114.0,1602.0,3.8,91300.0,06073020029
37.8,3240.0,2790.0,2165.0,3240.0,221.0,23.0,64808.0,0.4296,2116.0,1531.0,3.3,607000.0,06073005900
33.3,7092.0,2698.0,3047.0,7092.0,624.0,234.0,50153.0,0.4515,2046.0,1415.0,4.8,468800.0,06073008800
41.2,5174.0,4405.0,2994.0,5174.0,236.0,46.0,69766.0,0.4243,3157.0,2018.0,3.6,585900.0,06073000300
35.4,3717.0,2809.0,2321.0,3717.0,390.0,0.0,69783.0,0.4481,2342.0,1621.0,3.4,488700.0,06073000400
33.4,5439.0,3360.0,2683.0,5439.0,481.0,14.0,74643.0,0.3435,1830.0,987.0,4.6,443800.0,06073008702
31.6,6102.0,4682.0,3897.0,6102.0,467.0,10.0,55859.0,0.3898,3592.0,2669.0,3.6,338500.0,06073001300
46.1,3315.0,2881.0,1621.0,3315.0,295.0,0.0,82720.0,0.4178,1229.0,271.0,6.5,642900.0,06073019208
39.2,3881.0,3161.0,2186.0,3881.0,369.0,17.0,73640.0,0.4431,1906.0,1002.0,4.3,731400.0,06073004300
59.5,2307.0,2087.0,711.0,2307.0,238.0,6.0,121034.0,0.4692,1345.0,274.0,6.2,1055600.0,06073010601
34.0,4336.0,2405.0,2361.0,4336.0,469.0,39.0,79645.0,0.3555,1986.0,996.0,3.9,396500.0,06073008511
40.6,3343.0,2788.0,2158.0,3343.0,390.0,10.0,95852.0,0.3602,1547.0,596.0,5.0,610800.0,06073001900
16.5,4517.0,3337.0,1318.0,4517.0,342.0,11.0,64176.0,0.3138,1083.0,1032.0,7.0,515570.89638157893,06073009511
27.8,5391.0,3115.0,2169.0,5391.0,535.0,143.0,32742.0,0.4164,1659.0,1445.0,3.5,276300.0,06073002402
36.5,4966.0,3261.0,3077.0,4966.0,552.0,124.0,59459.0,0.375,2626.0,1768.0,3.9,469600.0,06073002100
34.5,6998.0,5021.0,2706.0,6998.0,777.0,62.0,60370.0,0.4149,2927.0,1447.0,4.4,496800.0,06073010200
31.4,4337.0,3711.0,1920.0,4337.0,341.0,11.0,74167.0,0.3504,1238.0,482.0,5.8,436300.0,06073020309
41.4,4800.0,2897.0,2315.0,4800.0,537.0,16.0,141713.0,0.3459,1604.0,397.0,6.8,671100.0,06073017033
31.2,3726.0,2478.0,1565.0,3726.0,480.0,90.0,39516.0,0.3918,1154.0,684.0,4.4,323200.0,06073003403
51.2,3417.0,3210.0,1541.0,3417.0,483.0,15.0,151797.0,0.3995,1668.0,314.0,6.3,827000.0,06073002001
34.8,2778.0,2227.0,998.0,2778.0,406.0,90.0,26382.0,0.4274,1479.0,694.0,3.0,21900.0,06073012501
27.9,5998.0,1905.0,1969.0,5998.0,747.0,166.0,23452.0,0.5146,1651.0,1140.0,4.8,307600.0,06073003305
35.4,14919.0,7946.0,6069.0,14919.0,1244.0,78.0,126696.0,0.4225,4545.0,1550.0,6.0,689800.0,06073017032
27.9,6091.0,4352.0,2799.0,6091.0,651.0,74.0,51580.0,0.4658,1669.0,1193.0,4.3,318100.0,06073020108
34.5,2703.0,2104.0,1159.0,2703.0,280.0,62.0,46771.0,0.3487,776.0,354.0,4.1,52500.0,06073013103
35.3,3859.0,2607.0,2103.0,3859.0,249.0,34.0,74256.0,0.4149,1168.0,326.0,6.0,405200.0,06073020106
42.4,3807.0,2463.0,1637.0,3807.0,369.0,20.0,125368.0,0.4199,1432.0,157.0,6.5,674600.0,06073017046
43.3,3097.0,2112.0,1479.0,3097.0,297.0,0.0,65824.0,0.3947,1095.0,472.0,5.4,521300.0,06073017050
29.1,5800.0,4621.0,2434.0,5800.0,389.0,271.0,44135.0,0.3733,1309.0,840.0,4.6,314000.0,06073020206
36.7,4066.0,2692.0,1666.0,4066.0,406.0,54.0,68571.0,0.3366,965.0,323.0,5.8,342200.0,06073010011
36.0,4057.0,2782.0,1905.0,4057.0,494.0,125.0,66250.0,0.3811,1423.0,490.0,5.1,397800.0,06073002903
27.2,5460.0,2122.0,2007.0,5460.0,411.0,13.0,52270.0,0.3669,1560.0,975.0,5.1,372500.0,06073003201
31.5,5639.0,4876.0,1805.0,5639.0,615.0,206.0,36393.0,0.3929,1607.0,1258.0,3.7,347400.0,06073010013
38.3,5951.0,5092.0,2879.0,5951.0,672.0,50.0,110094.0,0.333,2124.0,531.0,5.5,537500.0,06073017041
39.1,3577.0,522.0,1742.0,3577.0,233.0,48.0,101364.0,0.4119,825.0,177.0,6.0,395500.0,06073003114
37.0,8094.0,6050.0,3696.0,8094.0,1060.0,87.0,63779.0,0.3748,3121.0,1392.0,5.4,451200.0,06073014700
35.9,4523.0,3256.0,2343.0,4523.0,569.0,16.0,57047.0,0.3917,2045.0,1042.0,4.5,363500.0,06073014805
35.5,3662.0,2962.0,1707.0,3662.0,373.0,24.0,78036.0,0.3675,1116.0,212.0,5.8,342400.0,06073014101
45.8,5879.0,5307.0,2562.0,5879.0,602.0,83.0,94864.0,0.4274,2188.0,320.0,6.0,456100.0,06073019103
39.2,4347.0,3349.0,1875.0,4347.0,489.0,38.0,79150.0,0.4262,1517.0,496.0,5.0,427200.0,06073017009
45.1,4825.0,3357.0,2036.0,4825.0,574.0,57.0,87064.0,0.4595,1792.0,516.0,5.8,553600.0,06073013412
35.2,6568.0,4517.0,3040.0,6568.0,911.0,50.0,70380.0,0.3805,2277.0,1017.0,4.6,597100.0,06073003207
30.7,3151.0,1750.0,1232.0,3151.0,393.0,38.0,52733.0,0.3199,982.0,530.0,5.0,253600.0,06073013802
33.1,3457.0,2774.0,1470.0,3457.0,363.0,40.0,86278.0,0.4286,955.0,384.0,5.9,482100.0,06073017049
40.0,6621.0,4973.0,2830.0,6621.0,860.0,28.0,139938.0,0.447,2043.0,487.0,7.7,991300.0,06073009504
32.4,15935.0,7158.0,6908.0,15935.0,1769.0,147.0,102768.0,0.3234,4744.0,844.0,5.7,453900.0,06073013313
49.1,4207.0,3373.0,1676.0,4207.0,410.0,76.0,95469.0,0.4317,1415.0,333.0,6.4,496500.0,06073015302
29.4,7864.0,5689.0,3564.0,7864.0,910.0,135.0,47288.0,0.3549,2494.0,1850.0,4.1,515570.89638157893,06073016504
30.6,7196.0,5582.0,2053.0,7196.0,947.0,166.0,23728.0,0.4481,2283.0,1855.0,3.6,515570.89638157893,06073015703
29.4,7645.0,5262.0,2846.0,7645.0,869.0,157.0,40043.0,0.4398,2424.0,1619.0,4.6,359200.0,06073016502
40.2,8808.0,6242.0,3026.0,8808.0,1235.0,73.0,82817.0,0.4637,3108.0,620.0,5.9,538000.0,06073019106
35.3,19644.0,11142.0,7483.0,19644.0,1372.0,266.0,90064.0,0.299,4660.0,1840.0,5.4,455500.0,06073010014
42.3,4823.0,3932.0,2102.0,4823.0,582.0,13.0,78359.0,0.367,1680.0,232.0,5.5,380900.0,06073016811
42.5,9497.0,6662.0,3486.0,9497.0,889.0,13.0,148261.0,0.3775,3013.0,346.0,7.9,654800.0,06073021303
44.4,5131.0,4233.0,2288.0,5131.0,524.0,7.0,75000.0,0.389,1920.0,322.0,5.8,382200.0,06073015501
42.6,2902.0,2381.0,1205.0,2902.0,341.0,16.0,101146.0,0.4395,1032.0,110.0,6.7,506300.0,06073015502
51.7,2508.0,2191.0,1295.0,2508.0,293.0,19.0,116786.0,0.332,877.0,98.0,7.5,615100.0,06073021304
47.0,2771.0,2609.0,1148.0,2771.0,312.0,33.0,91042.0,0.3932,1017.0,140.0,6.2,602100.0,06073020807
55.3,3007.0,2103.0,748.0,3007.0,286.0,47.0,38796.0,0.4723,1710.0,321.0,5.0,216100.0,06073020903
31.3,7204.0,4711.0,3444.0,7204.0,664.0,341.0,43836.0,0.6022,2795.0,2115.0,3.8,702000.0,06073018200
29.6,4914.0,3545.0,2336.0,4914.0,626.0,112.0,41786.0,0.4085,1848.0,1257.0,4.1,355200.0,06073018509
37.5,6606.0,5104.0,3216.0,6606.0,881.0,15.0,69665.0,0.437,2769.0,1136.0,4.9,545200.0,06073018100
29.1,6698.0,4547.0,2649.0,6698.0,834.0,142.0,35144.0,0.4583,2332.0,1699.0,4.3,276700.0,06073018603
41.5,6024.0,4283.0,2161.0,6024.0,828.0,104.0,47585.0,0.4149,2652.0,1021.0,4.9,162700.0,06073018614
42.8,4772.0,3595.0,2409.0,4772.0,552.0,107.0,79260.0,0.4049,2130.0,834.0,5.2,516600.0,06073018515
45.5,6972.0,6255.0,2857.0,6972.0,820.0,68.0,88382.0,0.4848,2817.0,1048.0,5.6,818800.0,06073017404
40.6,6028.0,4733.0,2900.0,6028.0,612.0,28.0,90625.0,0.4455,3252.0,1636.0,4.2,1181700.0,06073017304
34.7,3928.0,3666.0,2385.0,3928.0,415.0,0.0,92253.0,0.4954,2167.0,1331.0,4.2,800800.0,06073008006
31.9,3265.0,2639.0,1686.0,3265.0,269.0,133.0,65444.0,0.3344,835.0,313.0,5.6,372900.0,06073019404
58.0,3618.0,3213.0,1177.0,3618.0,527.0,0.0,144792.0,0.528,1740.0,218.0,7.1,2000001.0,06073008303
48.8,5158.0,4761.0,2110.0,5158.0,670.0,0.0,108333.0,0.5508,2149.0,563.0,6.2,809700.0,06073017403
47.2,2127.0,1958.0,1015.0,2127.0,252.0,12.0,123750.0,0.4228,900.0,217.0,6.3,919200.0,06073007302
31.9,4074.0,3737.0,2243.0,4074.0,301.0,0.0,73019.0,0.4182,2394.0,1499.0,3.9,852000.0,06073007701
49.4,2982.0,2568.0,1172.0,2982.0,384.0,0.0,133000.0,0.3415,1269.0,169.0,6.4,883700.0,06073007002
27.9,6193.0,4560.0,2626.0,6193.0,589.0,104.0,67653.0,0.3911,1408.0,762.0,4.9,416700.0,06073019206
28.0,5090.0,2621.0,2721.0,5090.0,326.0,46.0,61583.0,0.4182,2094.0,1501.0,3.9,410500.0,06073008343
36.7,6915.0,5203.0,3340.0,6915.0,688.0,78.0,71083.0,0.4417,2429.0,860.0,5.6,524700.0,06073008502
46.1,3103.0,2704.0,1417.0,3103.0,343.0,49.0,96080.0,0.3928,1192.0,205.0,6.0,680000.0,06073009104
20.4,4747.0,3873.0,1305.0,4747.0,212.0,15.0,60114.0,0.4803,970.0,307.0,4.9,548700.0,06073009106
37.0,4753.0,3682.0,2241.0,4753.0,404.0,130.0,77500.0,0.3721,1605.0,595.0,5.1,474300.0,06073008506
37.6,5005.0,4362.0,2325.0,5005.0,742.0,39.0,79468.0,0.4101,1598.0,568.0,5.7,456000.0,06073019903
51.0,2330.0,2226.0,831.0,2330.0,295.0,23.0,121563.0,0.5074,1154.0,341.0,6.7,1962500.0,06073021800
47.8,2056.0,1879.0,975.0,2056.0,287.0,0.0,101071.0,0.4405,1105.0,533.0,4.7,803200.0,06073000201
44.8,7430.0,5637.0,4178.0,7430.0,657.0,0.0,73125.0,0.5321,6207.0,2700.0,3.5,674500.0,06073005400
35.2,8066.0,5017.0,3630.0,8066.0,813.0,157.0,113574.0,0.3494,2253.0,309.0,7.3,526000.0,06073020020
33.5,6308.0,4087.0,3561.0,6308.0,290.0,55.0,41866.0,0.5258,4396.0,3472.0,2.7,404400.0,06073005200
33.7,4276.0,1445.0,2166.0,4276.0,369.0,41.0,92656.0,0.3419,1396.0,563.0,4.6,363600.0,06073008356
31.2,6126.0,4730.0,3833.0,6126.0,275.0,0.0,46728.0,0.3857,3147.0,2495.0,3.5,352100.0,06073001200
39.6,5286.0,2011.0,2635.0,5286.0,547.0,92.0,94375.0,0.4196,1585.0,425.0,6.0,483100.0,06073008353
34.6,9189.0,6782.0,4030.0,9189.0,846.0,17.0,61302.0,0.4437,3637.0,1352.0,5.2,375000.0,06073020306
29.8,4808.0,2197.0,2682.0,4808.0,462.0,51.0,58889.0,0.359,1901.0,1566.0,3.6,190500.0,06073008359
28.1,2896.0,1501.0,996.0,2896.0,407.0,42.0,36061.0,0.4051,778.0,461.0,4.2,273600.0,06073003601
35.4,4462.0,3400.0,1822.0,4462.0,483.0,68.0,67361.0,0.4042,1628.0,656.0,5.1,409200.0,06073010300
27.7,3467.0,1415.0,1459.0,3467.0,527.0,99.0,32946.0,0.5232,1326.0,1051.0,3.5,376700.0,06073002201
32.3,5488.0,3693.0,3024.0,5488.0,784.0,68.0,47319.0,0.4063,2761.0,2094.0,3.5,471400.0,06073001800
46.0,6501.0,5406.0,2873.0,6501.0,846.0,33.0,84919.0,0.44,2384.0,358.0,6.2,459800.0,06073020304
29.7,5775.0,3259.0,1951.0,5775.0,605.0,367.0,25625.0,0.4441,1876.0,1644.0,3.2,371600.0,06073002202
30.1,4684.0,1648.0,1696.0,4684.0,634.0,245.0,28483.0,0.4016,1245.0,909.0,4.2,280000.0,06073003303
36.4,5373.0,3859.0,2070.0,5373.0,780.0,103.0,30292.0,0.4554,2750.0,2028.0,3.8,122300.0,06073020308
29.5,5418.0,2339.0,1970.0,5418.0,617.0,249.0,33965.0,0.3745,1667.0,1433.0,3.4,188400.0,06073002707
42.8,7156.0,5778.0,3658.0,7156.0,724.0,84.0,63618.0,0.4235,2721.0,742.0,5.8,289200.0,06073020307
38.1,5823.0,4513.0,2547.0,5823.0,840.0,25.0,86184.0,0.409,2211.0,579.0,6.1,575900.0,06073017022
35.2,4739.0,3565.0,1879.0,4739.0,325.0,115.0,44918.0,0.4746,1663.0,894.0,3.7,353100.0,06073012600
33.1,8241.0,5727.0,3070.0,8241.0,793.0,86.0,52703.0,0.4474,2289.0,1044.0,4.4,338400.0,06073010110
31.3,4664.0,2286.0,1961.0,4664.0,667.0,87.0,44316.0,0.3872,1261.0,950.0,4.3,384000.0,06073022000
33.2,3898.0,2924.0,1569.0,3898.0,483.0,153.0,41588.0,0.3808,1498.0,855.0,3.8,293800.0,06073012401
35.1,3995.0,2875.0,1717.0,3995.0,562.0,36.0,95903.0,0.4259,1468.0,454.0,5.3,487900.0,06073017031
36.0,21927.0,12947.0,8327.0,21927.0,1843.0,6.0,139770.0,0.4377,7550.0,2244.0,6.2,727000.0,06073017030
35.2,3685.0,2290.0,1536.0,3685.0,362.0,188.0,49606.0,0.412,953.0,407.0,4.3,282900.0,06073012102
44.7,5650.0,3533.0,2359.0,5650.0,453.0,128.0,57071.0,0.4703,1722.0,491.0,5.0,342800.0,06073011902
37.6,4121.0,3346.0,2023.0,4121.0,404.0,0.0,102000.0,0.422,1502.0,332.0,6.0,613400.0,06073009705
28.8,6825.0,5879.0,2179.0,6825.0,979.0,145.0,26679.0,0.4602,2299.0,1697.0,3.2,366400.0,06073013203
39.1,3769.0,2764.0,1526.0,3769.0,382.0,6.0,91563.0,0.3651,1183.0,344.0,6.5,537600.0,06073020708
33.1,4958.0,2036.0,1971.0,4958.0,432.0,145.0,40775.0,0.4492,1884.0,839.0,4.2,219500.0,06073002712
21.4,4645.0,3468.0,2717.0,4645.0,127.0,16.0,47083.0,0.4023,537.0,514.0,5.6,515570.89638157893,06073009400
37.8,3489.0,1904.0,1435.0,3489.0,413.0,57.0,72071.0,0.3356,922.0,170.0,5.7,372400.0,06073003211
37.6,3589.0,453.0,1752.0,3589.0,350.0,40.0,87286.0,0.318,832.0,233.0,6.1,369800.0,06073003109
50.4,2928.0,2197.0,1239.0,2928.0,275.0,0.0,129125.0,0.418,1059.0,128.0,6.6,683000.0,06073017006
38.6,3693.0,2416.0,1690.0,3693.0,314.0,129.0,66231.0,0.4309,1164.0,299.0,5.7,356500.0,06073010001
37.1,6485.0,1726.0,2636.0,6485.0,631.0,199.0,56281.0,0.4207,1729.0,428.0,5.6,339900.0,06073003103
34.6,5222.0,1437.0,2628.0,5222.0,647.0,75.0,54375.0,0.3841,1840.0,979.0,4.3,281300.0,06073003209
32.7,2703.0,1932.0,1316.0,2703.0,268.0,79.0,64487.0,0.3231,847.0,202.0,5.1,315200.0,06073013312
37.1,6886.0,4754.0,3045.0,6886.0,703.0,114.0,87778.0,0.3297,2039.0,374.0,6.1,444200.0,06073013309
33.9,4404.0,2782.0,1768.0,4404.0,705.0,56.0,52500.0,0.3831,1564.0,774.0,5.2,405100.0,06073014001
45.3,7271.0,6309.0,3811.0,7271.0,983.0,30.0,69792.0,0.3757,3346.0,927.0,4.8,233100.0,06073016605
30.0,4111.0,2584.0,1631.0,4111.0,490.0,92.0,45432.0,0.3692,1405.0,949.0,4.5,307300.0,06073013907
38.4,3723.0,2341.0,1764.0,3723.0,372.0,40.0,84677.0,0.3543,1223.0,128.0,6.7,443700.0,06073013905
34.4,29528.0,14127.0,12284.0,29528.0,3180.0,578.0,75678.0,0.479,9145.0,3480.0,5.3,455200.0,06073013310
40.1,3528.0,2716.0,1393.0,3528.0,452.0,40.0,60201.0,0.395,1543.0,575.0,4.5,278800.0,06073016617
32.9,8579.0,5863.0,3667.0,8579.0,947.0,93.0,112980.0,0.355,2498.0,500.0,6.2,543200.0,06073013419
45.1,6756.0,6266.0,2662.0,6756.0,821.0,22.0,111466.0,0.4379,2146.0,157.0,7.0,628700.0,06073013605
38.7,7517.0,6134.0,3211.0,7517.0,906.0,40.0,63354.0,0.4167,2905.0,1724.0,4.1,364600.0,06073016702
42.5,7001.0,6058.0,3129.0,7001.0,846.0,0.0,84143.0,0.3809,2564.0,309.0,6.0,458700.0,06073016901
36.1,6160.0,4769.0,2805.0,6160.0,514.0,151.0,61761.0,0.3947,1978.0,856.0,5.2,340500.0,06073015601
41.5,7650.0,6885.0,3829.0,7650.0,969.0,110.0,74297.0,0.4046,2506.0,415.0,5.8,408100.0,06073016807
48.3,2267.0,2069.0,938.0,2267.0,318.0,27.0,116125.0,0.3608,737.0,65.0,6.9,591400.0,06073015602
38.7,5529.0,4743.0,2803.0,5529.0,670.0,15.0,93609.0,0.3338,1849.0,371.0,5.9,414700.0,06073016809
37.0,8338.0,6353.0,3926.0,8338.0,880.0,323.0,75625.0,0.3509,2283.0,607.0,5.5,425400.0,06073020809
35.7,5205.0,3428.0,2552.0,5205.0,678.0,59.0,49506.0,0.3724,1978.0,1037.0,4.4,371800.0,06073018511
64.8,3874.0,3280.0,1127.0,3874.0,467.0,24.0,43223.0,0.4068,2185.0,939.0,4.4,251300.0,06073018512
35.3,5299.0,4937.0,2073.0,5299.0,652.0,11.0,79875.0,0.4639,2821.0,1106.0,4.5,1043900.0,06073017701
40.0,5049.0,3864.0,2307.0,5049.0,530.0,44.0,55243.0,0.4404,2115.0,1198.0,4.4,302800.0,06073018517
38.6,4937.0,4023.0,2175.0,4937.0,546.0,0.0,87188.0,0.3979,1889.0,886.0,5.3,452900.0,06073019803
32.0,3624.0,2761.0,1848.0,3624.0,354.0,15.0,60469.0,0.3689,901.0,349.0,5.7,355100.0,06073018518
39.7,4003.0,3038.0,1464.0,4003.0,275.0,34.0,42352.0,0.4385,1710.0,854.0,4.5,327500.0,06073019805
54.0,3994.0,3240.0,1468.0,3994.0,577.0,14.0,82639.0,0.4112,1670.0,112.0,6.3,462400.0,06073019809
28.3,3221.0,2837.0,2259.0,3221.0,95.0,0.0,70379.0,0.3652,1741.0,1367.0,3.8,704100.0,06073007910
53.8,3872.0,3426.0,1401.0,3872.0,357.0,8.0,126970.0,0.5763,2102.0,716.0,5.8,1675900.0,06073008312
45.2,9600.0,8683.0,3767.0,9600.0,1271.0,86.0,143836.0,0.398,3301.0,518.0,7.1,823400.0,06073020016
50.9,2162.0,1893.0,702.0,2162.0,234.0,18.0,183929.0,0.4888,926.0,83.0,7.3,1290800.0,06073008313
52.2,6212.0,5024.0,2033.0,6212.0,509.0,0.0,173549.0,0.4947,2514.0,379.0,6.6,1206200.0,06073008310
29.1,6815.0,5074.0,2755.0,6815.0,797.0,171.0,46806.0,0.4396,2135.0,1063.0,5.0,375500.0,06073018905
39.2,6196.0,4593.0,2554.0,6196.0,714.0,15.0,135389.0,0.4318,2527.0,956.0,5.4,811200.0,06073008327
33.3,6930.0,6220.0,3270.0,6930.0,855.0,107.0,62210.0,0.3803,2191.0,1019.0,5.2,484900.0,06073019601
18.3,1752.0,1156.0,507.0,1752.0,193.0,8.0,52643.0,0.3056,516.0,444.0,6.6,515570.89638157893,06073006600
52.5,3583.0,3289.0,1137.0,3583.0,490.0,34.0,76341.0,0.4013,1381.0,100.0,6.9,611800.0,06073018801
35.5,8436.0,5764.0,3930.0,8436.0,994.0,68.0,53266.0,0.4238,2194.0,978.0,5.1,334600.0,06073020018
43.7,3606.0,3204.0,1597.0,3606.0,447.0,25.0,76667.0,0.4774,1704.0,570.0,5.5,673800.0,06073009103
43.7,3560.0,2786.0,1472.0,3560.0,303.0,0.0,113790.0,0.3416,1280.0,392.0,6.0,655900.0,06073008344
32.2,7177.0,4215.0,3295.0,7177.0,857.0,345.0,47235.0,0.4042,2101.0,1201.0,4.6,359100.0,06073008600
30.8,6248.0,3854.0,3018.0,6248.0,609.0,165.0,61776.0,0.3952,1712.0,874.0,6.4,457800.0,06073020021
33.8,2132.0,1826.0,1254.0,2132.0,158.0,0.0,64583.0,0.4333,1516.0,668.0,3.8,330000.0,06073008902
45.8,4114.0,3654.0,2196.0,4114.0,304.0,23.0,86667.0,0.4561,2419.0,1193.0,4.1,741400.0,06073006000
30.7,3165.0,1894.0,1531.0,3165.0,387.0,48.0,70000.0,0.4166,1290.0,980.0,4.3,408200.0,06073008701
53.1,6382.0,4919.0,2233.0,6382.0,760.0,37.0,86284.0,0.4204,2509.0,422.0,6.2,594200.0,06073019001
38.7,4439.0,3476.0,2622.0,4439.0,356.0,0.0,64750.0,0.4673,2781.0,2014.0,3.5,462500.0,06073000800
35.2,5481.0,3542.0,3581.0,5481.0,126.0,27.0,51359.0,0.38,3243.0,2565.0,3.4,342700.0,06073000900
30.5,3960.0,2960.0,1824.0,3960.0,441.0,136.0,33797.0,0.3872,1278.0,882.0,3.8,453300.0,06073004800
32.1,2690.0,1944.0,1637.0,2690.0,402.0,56.0,47724.0,0.409,1469.0,1095.0,3.4,334700.0,06073004501
39.7,4221.0,3188.0,2039.0,4221.0,503.0,54.0,68929.0,0.4959,1268.0,252.0,5.8,344800.0,06073020023
26.7,3305.0,2815.0,1372.0,3305.0,226.0,0.0,74571.0,0.4294,2118.0,598.0,4.0,1204800.0,06073021600
41.4,4303.0,2861.0,1970.0,4303.0,379.0,0.0,143547.0,0.3487,1327.0,183.0,7.2,638800.0,06073008337
36.8,4019.0,3143.0,2223.0,4019.0,449.0,14.0,66563.0,0.4696,1909.0,1094.0,4.3,644500.0,06073004400
30.4,7081.0,5641.0,3536.0,7081.0,732.0,20.0,46908.0,0.3646,2916.0,2441.0,3.5,351300.0,06073004100
46.3,9149.0,7361.0,3011.0,9149.0,1150.0,0.0,151267.0,0.5032,3475.0,393.0,7.8,1304800.0,06073017029
28.6,5785.0,3812.0,2650.0,5785.0,803.0,87.0,42963.0,0.4088,2026.0,1601.0,3.8,359200.0,06073010502
30.8,2329.0,1712.0,999.0,2329.0,282.0,33.0,50583.0,0.4,849.0,560.0,4.1,361700.0,06073010401
30.7,6171.0,4217.0,2687.0,6171.0,671.0,99.0,46016.0,0.3753,2059.0,1497.0,3.9,420000.0,06073010402
45.2,1803.0,1567.0,684.0,1803.0,142.0,67.0,77500.0,0.3618,537.0,153.0,5.7,467500.0,06073019002
28.1,4307.0,2101.0,2123.0,4307.0,325.0,115.0,46875.0,0.3872,1297.0,942.0,4.1,351300.0,06073002602
30.2,4500.0,3383.0,1833.0,4500.0,446.0,58.0,36667.0,0.3783,1697.0,1272.0,2.9,23300.0,06073012502
33.1,7027.0,2607.0,3285.0,7027.0,819.0,156.0,64422.0,0.3833,2125.0,904.0,5.0,330000.0,06073003401
31.7,2269.0,1469.0,977.0,2269.0,274.0,64.0,50521.0,0.4234,684.0,382.0,4.2,409400.0,06073012101
34.4,5248.0,3563.0,2671.0,5248.0,374.0,75.0,47648.0,0.4768,2537.0,1575.0,3.8,367300.0,06073002803
43.6,4162.0,3243.0,1915.0,4162.0,534.0,35.0,74219.0,0.4233,1767.0,566.0,5.3,451800.0,06073009602
45.9,3851.0,1462.0,1419.0,3851.0,412.0,69.0,36375.0,0.4675,1202.0,955.0,3.9,355600.0,06073012002
21.5,3031.0,2013.0,1233.0,3031.0,157.0,29.0,38125.0,0.6667,1094.0,520.0,4.7,652400.0,06073002801
34.2,4235.0,1684.0,1692.0,4235.0,291.0,151.0,58684.0,0.399,1302.0,309.0,5.4,361900.0,06073003001
36.1,3617.0,1868.0,1660.0,3617.0,330.0,95.0,57778.0,0.4626,936.0,433.0,5.4,384600.0,06073012003
38.6,5710.0,3309.0,2496.0,5710.0,599.0,13.0,141595.0,0.3257,1893.0,270.0,6.4,683200.0,06073017044
45.2,3445.0,2961.0,1572.0,3445.0,425.0,19.0,88125.0,0.3692,1410.0,318.0,5.6,528100.0,06073009703
34.0,6270.0,5039.0,2925.0,6270.0,568.0,137.0,55875.0,0.4073,1982.0,1135.0,4.4,390900.0,06073020602
36.2,4831.0,1240.0,1938.0,4831.0,570.0,185.0,68062.0,0.3465,1327.0,331.0,5.4,338600.0,06073003112
27.8,7053.0,4471.0,3614.0,7053.0,697.0,211.0,54658.0,0.4137,2579.0,1557.0,4.7,465600.0,06073002902
34.4,5354.0,2613.0,2321.0,5354.0,594.0,159.0,63202.0,0.3944,1633.0,469.0,5.4,359700.0,06073003003
38.9,4884.0,4089.0,2138.0,4884.0,527.0,45.0,77259.0,0.3843,1396.0,208.0,6.5,435800.0,06073020705
41.0,4220.0,2036.0,1747.0,4220.0,338.0,157.0,83169.0,0.309,1155.0,174.0,5.7,363300.0,06073003212
32.6,5710.0,4010.0,2166.0,5710.0,531.0,154.0,41836.0,0.3838,1853.0,1085.0,3.6,107700.0,06073020209
41.3,4872.0,4193.0,1847.0,4872.0,500.0,160.0,62957.0,0.3788,1430.0,346.0,5.5,371700.0,06073013302
34.1,4153.0,2825.0,1719.0,4153.0,672.0,54.0,51742.0,0.4358,1364.0,539.0,5.1,373800.0,06073013306
47.5,6508.0,5577.0,2298.0,6508.0,471.0,111.0,91544.0,0.3851,2535.0,363.0,6.3,503900.0,06073019105
40.2,7477.0,5075.0,3991.0,7477.0,660.0,18.0,118750.0,0.3707,2809.0,828.0,6.1,602900.0,06073009505
46.6,3217.0,2745.0,1186.0,3217.0,308.0,9.0,145052.0,0.4861,1112.0,47.0,7.7,913600.0,06073017053
42.1,5167.0,4048.0,2257.0,5167.0,547.0,23.0,80324.0,0.3705,1959.0,616.0,5.7,457400.0,06073013409
46.5,6429.0,5760.0,2508.0,6429.0,779.0,8.0,114497.0,0.4744,2121.0,222.0,6.9,648600.0,06073020706
38.3,6468.0,4511.0,2606.0,6468.0,812.0,72.0,71543.0,0.3478,2481.0,998.0,5.1,454400.0,06073009802
44.2,5022.0,4344.0,2247.0,5022.0,614.0,6.0,95690.0,0.3489,1860.0,224.0,6.6,492000.0,06073009804
38.2,4014.0,3043.0,2007.0,4014.0,357.0,0.0,92063.0,0.365,1267.0,310.0,5.4,388000.0,06073016606
46.3,1529.0,1088.0,740.0,1529.0,134.0,25.0,87639.0,0.3282,564.0,92.0,5.5,372400.0,06073013415
38.1,4801.0,3602.0,2052.0,4801.0,666.0,41.0,67900.0,0.3695,1895.0,827.0,5.1,439300.0,06073015100
32.4,4237.0,3542.0,1736.0,4237.0,400.0,9.0,62788.0,0.4177,1457.0,681.0,5.5,428200.0,06073016616
40.6,4190.0,2567.0,1663.0,4190.0,482.0,19.0,63843.0,0.4319,1403.0,445.0,5.8,399600.0,06073013903
39.8,6114.0,3881.0,2801.0,6114.0,843.0,95.0,57206.0,0.3777,2206.0,1087.0,5.4,426800.0,06073013503
33.7,6577.0,4369.0,3071.0,6577.0,644.0,149.0,81671.0,0.3662,2267.0,576.0,4.9,407700.0,06073013418
34.1,3297.0,2155.0,1346.0,3297.0,370.0,126.0,48194.0,0.404,987.0,545.0,4.5,359200.0,06073015301
42.3,4804.0,3346.0,1426.0,4804.0,469.0,97.0,34705.0,0.4262,1410.0,1242.0,3.7,333100.0,06073015802
34.0,11324.0,6605.0,4891.0,11324.0,1299.0,28.0,103725.0,0.3363,3120.0,951.0,6.2,472700.0,06073013311
53.1,1600.0,1284.0,771.0,1600.0,156.0,0.0,121250.0,0.448,679.0,92.0,6.7,642000.0,06073020710
37.1,6846.0,5971.0,3120.0,6846.0,736.0,0.0,79229.0,0.3764,2401.0,681.0,5.6,431200.0,06073016607
36.1,8275.0,6530.0,2878.0,8275.0,890.0,189.0,50127.0,0.4293,2607.0,1400.0,4.4,441000.0,06073015404
45.0,6421.0,4902.0,3062.0,6421.0,595.0,117.0,77449.0,0.403,2818.0,1566.0,4.9,388300.0,06073013606
38.5,5503.0,4275.0,2234.0,5503.0,565.0,94.0,68843.0,0.4017,1614.0,393.0,5.9,426200.0,06073016401
30.3,7368.0,5041.0,2557.0,7368.0,788.0,254.0,68696.0,0.4657,2457.0,632.0,5.8,423800.0,06073019101
33.7,3570.0,2920.0,1477.0,3570.0,460.0,12.0,84000.0,0.4099,1310.0,132.0,5.5,354900.0,06073021202
36.7,3266.0,2313.0,1498.0,3266.0,418.0,15.0,45851.0,0.4856,1872.0,1243.0,3.9,509500.0,06073018400
48.6,4831.0,4473.0,1999.0,4831.0,559.0,21.0,87212.0,0.4262,2181.0,801.0,5.9,665400.0,06073017810
40.4,7539.0,6308.0,3207.0,7539.0,856.0,0.0,106466.0,0.4376,3074.0,1275.0,5.0,651400.0,06073017811
40.8,3253.0,3143.0,1568.0,3253.0,324.0,27.0,100921.0,0.489,1575.0,637.0,4.7,916300.0,06073017702
36.7,9360.0,6107.0,4146.0,9360.0,928.0,282.0,68529.0,0.4371,3115.0,997.0,5.6,375500.0,06073018507
38.8,3959.0,3417.0,1554.0,3959.0,351.0,27.0,89182.0,0.515,1342.0,612.0,4.4,803900.0,06073017502
48.9,6283.0,5665.0,2446.0,6283.0,577.0,0.0,142431.0,0.4093,2809.0,468.0,6.6,865000.0,06073017808
24.8,6092.0,5450.0,2032.0,6092.0,481.0,1.0,123603.0,0.4479,1605.0,308.0,6.7,1063400.0,06073007200
33.4,6611.0,4951.0,2885.0,6611.0,726.0,209.0,56319.0,0.4102,2212.0,1048.0,5.4,465500.0,06073018906
34.8,7239.0,5080.0,3780.0,7239.0,654.0,34.0,94375.0,0.3969,3428.0,1777.0,4.1,445600.0,06073008329
44.8,2694.0,2241.0,1186.0,2694.0,319.0,11.0,61202.0,0.4583,965.0,204.0,5.6,472800.0,06073019203
36.0,4873.0,4168.0,2183.0,4873.0,569.0,97.0,49603.0,0.4168,1817.0,761.0,5.5,415900.0,06073018903
32.6,5498.0,4307.0,2892.0,5498.0,488.0,29.0,70555.0,0.4165,2490.0,1826.0,4.0,395800.0,06073006802
39.2,5267.0,4278.0,2145.0,5267.0,679.0,85.0,72064.0,0.4052,1747.0,615.0,5.9,483900.0,06073019602
39.6,6796.0,5934.0,3196.0,6796.0,776.0,32.0,66817.0,0.4085,2997.0,1045.0,5.2,598300.0,06073008503
19.9,3395.0,2809.0,1166.0,3395.0,12.0,0.0,75402.79871175524,0.41074138486312395,35.0,12.0,7.0,515570.89638157893,06073006300
44.7,4632.0,3603.0,2243.0,4632.0,451.0,109.0,82406.0,0.4033,1697.0,340.0,6.0,545800.0,06073008512
28.9,4817.0,3731.0,2854.0,4817.0,485.0,25.0,65913.0,0.384,2394.0,1392.0,4.2,341700.0,06073009107
48.2,2745.0,2596.0,1085.0,2745.0,284.0,0.0,102125.0,0.4796,1383.0,613.0,5.0,1358100.0,06073010800
44.7,2944.0,2438.0,1319.0,2944.0,397.0,0.0,102857.0,0.4028,1131.0,218.0,5.9,566300.0,06073008513
22.6,23.0,18.0,19.0,23.0,0.0,0.0,75402.79871175524,0.41074138486312395,0.0,0.0,5.142765273311893,515570.89638157893,06073006200
35.0,5021.0,4238.0,2849.0,5021.0,404.0,0.0,64080.0,0.4557,2517.0,1527.0,4.2,712300.0,06073000202
31.4,5402.0,3430.0,2960.0,5402.0,527.0,118.0,73697.0,0.3661,2628.0,1297.0,4.2,363000.0,06073008901
34.9,1589.0,1218.0,853.0,1589.0,36.0,0.0,34048.0,0.4833,905.0,798.0,2.9,431300.0,06073005700
35.6,5910.0,2002.0,3005.0,5910.0,452.0,93.0,113333.0,0.3107,1846.0,527.0,5.7,496900.0,06073008348
40.6,5020.0,2393.0,2779.0,5020.0,503.0,37.0,150405.0,0.3156,1758.0,308.0,6.8,677800.0,06073008346
38.7,7001.0,2535.0,3746.0,7001.0,649.0,167.0,107708.0,0.3814,2161.0,458.0,5.9,524500.0,06073008347
28.5,5885.0,3307.0,2665.0,5885.0,692.0,17.0,66413.0,0.4024,2065.0,1378.0,5.2,489300.0,06073009201
33.7,4934.0,3926.0,3325.0,4934.0,483.0,103.0,65437.0,0.3753,2762.0,1868.0,4.0,419600.0,06073001000
29.0,5686.0,3425.0,2203.0,5686.0,590.0,118.0,33420.0,0.4015,1579.0,1219.0,4.1,299400.0,06073004900
41.8,4321.0,3254.0,2477.0,4321.0,99.0,100.0,67988.0,0.5092,3281.0,2344.0,2.8,467700.0,06073005600
32.5,4911.0,2917.0,2481.0,4911.0,589.0,28.0,64449.0,0.4697,1993.0,986.0,4.7,444400.0,06073009301
33.3,3392.0,2636.0,2187.0,3392.0,251.0,18.0,67909.0,0.382,1856.0,1279.0,3.9,364600.0,06073001100
34.6,3484.0,842.0,1731.0,3484.0,285.0,91.0,97325.0,0.3295,993.0,313.0,6.2,500000.0,06073008355
22.8,6604.0,4088.0,5087.0,6604.0,0.0,0.0,75402.79871175524,0.41074138486312395,0.0,0.0,5.142765273311893,515570.89638157893,06073003800
30.7,4970.0,3709.0,2298.0,4970.0,552.0,112.0,44767.0,0.4287,1771.0,1328.0,3.9,348200.0,06073002401
38.8,5741.0,3724.0,2766.0,5741.0,769.0,0.0,107790.0,0.366,2105.0,810.0,5.9,633400.0,06073017037
30.9,5525.0,3587.0,2262.0,5525.0,458.0,212.0,39801.0,0.4532,1645.0,899.0,4.2,340300.0,06073002501
32.6,6642.0,4378.0,2886.0,6642.0,776.0,154.0,57241.0,0.4313,2159.0,969.0,4.7,370200.0,06073002502
31.9,5554.0,2888.0,2373.0,5554.0,594.0,347.0,28422.0,0.4114,1773.0,1213.0,3.9,293800.0,06073002601
37.0,3287.0,1712.0,1318.0,3287.0,338.0,91.0,72417.0,0.4545,1174.0,760.0,4.6,633700.0,06073017035
34.3,4130.0,3199.0,1888.0,4130.0,494.0,29.0,67909.0,0.4237,1519.0,789.0,4.9,345100.0,06073020105
30.6,5593.0,4454.0,2485.0,5593.0,674.0,56.0,36090.0,0.3943,1838.0,1514.0,3.8,254100.0,06073011601
31.9,3041.0,1515.0,1500.0,3041.0,312.0,94.0,29741.0,0.4725,1280.0,1159.0,3.6,390900.0,06073002301
28.6,5520.0,3784.0,2289.0,5520.0,642.0,123.0,42941.0,0.506,1219.0,676.0,4.6,336600.0,06073003404
34.3,4399.0,2606.0,2444.0,4399.0,375.0,10.0,101085.0,0.3305,1903.0,1072.0,4.4,530500.0,06073017056
31.1,6004.0,4788.0,2522.0,6004.0,774.0,50.0,47706.0,0.4177,2059.0,1547.0,3.4,375000.0,06073013104
39.3,5256.0,3095.0,2629.0,5256.0,666.0,51.0,117361.0,0.3896,1972.0,646.0,5.8,605500.0,06073017055
35.1,3328.0,3003.0,1099.0,3328.0,362.0,131.0,37560.0,0.4243,827.0,484.0,4.3,334100.0,06073010111
34.8,4569.0,3457.0,1661.0,4569.0,504.0,96.0,50682.0,0.3855,1401.0,470.0,5.0,357000.0,06073003202
27.1,3279.0,1489.0,1265.0,3279.0,306.0,40.0,58993.0,0.359,959.0,568.0,5.0,357900.0,06073002711
45.6,4769.0,2819.0,1942.0,4769.0,550.0,73.0,102590.0,0.363,2160.0,692.0,5.1,539200.0,06073017051
72.5,2427.0,2226.0,581.0,2427.0,236.0,8.0,55382.0,0.4283,1687.0,614.0,4.9,442000.0,06073017014
32.4,7679.0,4670.0,3809.0,7679.0,829.0,323.0,58342.0,0.3849,2457.0,1111.0,4.7,308100.0,06073002703
40.8,6013.0,4735.0,2752.0,6013.0,743.0,38.0,99375.0,0.4093,2519.0,557.0,6.1,559400.0,06073009704
34.5,4814.0,3892.0,1850.0,4814.0,476.0,145.0,65990.0,0.348,1146.0,341.0,5.5,333200.0,06073013307
27.8,7729.0,4654.0,3726.0,7729.0,589.0,248.0,62951.0,0.4081,2206.0,1063.0,4.8,463900.0,06073017048
32.8,4062.0,2355.0,1540.0,4062.0,512.0,7.0,55341.0,0.423,1444.0,752.0,5.0,433000.0,06073014500
51.1,7273.0,6211.0,2811.0,7273.0,758.0,30.0,111473.0,0.4774,2975.0,389.0,6.7,681900.0,06073009706
49.4,5701.0,4437.0,2187.0,5701.0,569.0,8.0,119545.0,0.4708,2047.0,421.0,6.2,664300.0,06073017054
34.3,2895.0,2081.0,1522.0,2895.0,312.0,50.0,43917.0,0.5581,1318.0,982.0,3.5,263800.0,06073014806
45.0,3771.0,3231.0,1749.0,3771.0,400.0,14.0,63070.0,0.424,2116.0,759.0,4.4,410800.0,06073014804
46.2,5134.0,4190.0,2534.0,5134.0,609.0,98.0,82809.0,0.4044,2280.0,876.0,4.9,472900.0,06073009801
44.5,4940.0,4246.0,2321.0,4940.0,680.0,11.0,78906.0,0.3834,2074.0,657.0,5.7,555600.0,06073009805
36.5,5266.0,3538.0,2276.0,5266.0,683.0,20.0,86250.0,0.4092,1804.0,675.0,5.8,598600.0,06073014602
33.9,3952.0,1844.0,1400.0,3952.0,430.0,91.0,33090.0,0.4152,1631.0,1385.0,3.6,515570.89638157893,06073014400
32.1,5788.0,3399.0,2207.0,5788.0,646.0,71.0,56048.0,0.4243,1822.0,990.0,5.4,446200.0,06073013702
43.5,10850.0,8240.0,4693.0,10850.0,1374.0,230.0,92230.0,0.3857,3455.0,683.0,6.5,500300.0,06073020103
37.7,4077.0,3340.0,1881.0,4077.0,623.0,0.0,84241.0,0.2954,1482.0,366.0,5.2,404100.0,06073016610
48.6,3488.0,3047.0,1244.0,3488.0,511.0,0.0,134792.0,0.4418,1304.0,136.0,7.9,854500.0,06073017020
51.0,2955.0,2640.0,1115.0,2955.0,338.0,0.0,133000.0,0.3837,1068.0,35.0,7.7,807800.0,06073017021
32.6,3077.0,1762.0,1240.0,3077.0,311.0,8.0,64214.0,0.3925,1165.0,496.0,4.9,287300.0,06073016503
46.9,2599.0,2412.0,931.0,2599.0,270.0,5.0,104922.0,0.4282,862.0,97.0,7.4,659800.0,06073015403
34.9,3979.0,2863.0,1739.0,3979.0,515.0,89.0,48185.0,0.3935,1330.0,695.0,4.4,317700.0,06073015704
41.8,5599.0,4916.0,2665.0,5599.0,674.0,146.0,102602.0,0.3996,1935.0,444.0,6.4,560400.0,06073015405
41.6,7848.0,5633.0,3512.0,7848.0,808.0,88.0,95132.0,0.3628,2491.0,318.0,6.1,507000.0,06073020709
36.2,3624.0,2759.0,1681.0,3624.0,392.0,0.0,63820.0,0.3498,1191.0,407.0,5.2,427300.0,06073020805
44.5,5261.0,4977.0,2101.0,5261.0,617.0,26.0,106319.0,0.3336,1801.0,201.0,6.6,448300.0,06073020810
46.0,3065.0,2628.0,1373.0,3065.0,303.0,15.0,104375.0,0.405,1163.0,115.0,5.9,504400.0,06073021206
60.6,2693.0,2268.0,693.0,2693.0,422.0,35.0,39760.0,0.4416,3495.0,334.0,4.1,158800.0,06073021000
