"lsoa11cd","lsoa11nm","Index.of.Multiple.Deprivation..IMD..Score","Index.of.Multiple.Deprivation..IMD..Rank..where.1.is.most.deprived.","Index.of.Multiple.Deprivation..IMD..Decile..where.1.is.most.deprived.10..of.LSOAs.","Income.Score..rate.","Income.Rank..where.1.is.most.deprived.","Income.Decile..where.1.is.most.deprived.10..of.LSOAs.","Employment.Score..rate.","Employment.Rank..where.1.is.most.deprived.","Employment.Decile..where.1.is.most.deprived.10..of.LSOAs.","Education..Skills.and.Training.Score","Education..Skills.and.Training.Rank..where.1.is.most.deprived.","Education..Skills.and.Training.Decile..where.1.is.most.deprived.10..of.LSOAs.","Health.Deprivation.and.Disability.Score","Health.Deprivation.and.Disability.Rank..where.1.is.most.deprived.","Health.Deprivation.and.Disability.Decile..where.1.is.most.deprived.10..of.LSOAs.","Crime.Score","Crime.Rank..where.1.is.most.deprived.","Crime.Decile..where.1.is.most.deprived.10..of.LSOAs.","Barriers.to.Housing.and.Services.Score","Barriers.to.Housing.and.Services.Rank..where.1.is.most.deprived.","Barriers.to.Housing.and.Services.Decile..where.1.is.most.deprived.10..of.LSOAs.","Living.Environment.Score","Living.Environment.Rank..where.1.is.most.deprived.","Living.Environment.Decile..where.1.is.most.deprived.10..of.LSOAs.","Income.Deprivation.Affecting.Children.Index..IDACI..Score..rate.","Income.Deprivation.Affecting.Children.Index..IDACI..Rank..where.1.is.most.deprived.","Income.Deprivation.Affecting.Children.Index..IDACI..Decile..where.1.is.most.deprived.10..of.LSOAs.","Income.Deprivation.Affecting.Older.People..IDAOPI..Score..rate.","Income.Deprivation.Affecting.Older.People..IDAOPI..Rank..where.1.is.most.deprived.","Income.Deprivation.Affecting.Older.People..IDAOPI..Decile..where.1.is.most.deprived.10..of.LSOAs.","Children.and.Young.People.Sub.domain.Score","Children.and.Young.People.Sub.domain.Rank..where.1.is.most.deprived.","Children.and.Young.People.Sub.domain.Decile..where.1.is.most.deprived.10..of.LSOAs.","Adult.Skills.Sub.domain.Score","Adult.Skills.Sub.domain.Rank..where.1.is.most.deprived.","Adult.Skills.Sub.domain.Decile..where.1.is.most.deprived.10..of.LSOAs.","Geographical.Barriers.Sub.domain.Score","Geographical.Barriers.Sub.domain.Rank..where.1.is.most.deprived.","Geographical.Barriers.Sub.domain.Decile..where.1.is.most.deprived.10..of.LSOAs.","Wider.Barriers.Sub.domain.Score","Wider.Barriers.Sub.domain.Rank..where.1.is.most.deprived.","Wider.Barriers.Sub.domain.Decile..where.1.is.most.deprived.10..of.LSOAs.","Indoors.Sub.domain.Score","Indoors.Sub.domain.Rank..where.1.is.most.deprived.","Indoors.Sub.domain.Decile..where.1.is.most.deprived.10..of.LSOAs.","Outdoors.Sub.domain.Score","Outdoors.Sub.domain.Rank..where.1.is.most.deprived.","Outdoors.Sub.domain.Decile..where.1.is.most.deprived.10..of.LSOAs.","Total.population..mid.2012..excluding.prisoners.","Dependent.Children.aged.0.15..mid.2012..excluding.prisoners.","Population.aged.16.59..mid.2012..excluding.prisoners.","Older.population.aged.60.and.over..mid.2012..excluding.prisoners.","Working.age.population.18.59.64..for.use.with.Employment.Deprivation.Domain..excluding.prisoners."
"E01006512","Liverpool 031A",25.612,10518,4,0.104,17772,6,0.082,19364,6,10.062,21800,7,1.187,3137,1,-0.197,19565,6,24.485,11577,4,68.912,243,1,0.161,15321,5,0.306,5601,2,-0.055,17121,6,0.213,25871,8,-0.143,18292,6,2.04,6605,3,1.863,434,1,0.786,5740,2,1908,205,1630,73,1783.5
"E01006513","Liverpool 060A",25.911,10339,4,0.037,30622,10,0.026,32248,10,20.133,13662,5,0.577,8499,3,1.498,750,1,25.154,10886,4,85.476,10,1,0.213,11511,4,0.202,11683,4,0.733,6139,2,0.18,28842,9,-1.071,30194,10,3.134,3628,2,2.011,273,1,1.905,645,1,3176,55,3026,95,2933
"E01006514","Liverpool 037A",37.644,5247,2,0.188,9199,3,0.153,8726,3,15.504,17071,6,1.855,671,1,0.735,5980,2,21.847,14526,5,58.901,999,1,0.227,10635,4,0.48,1036,1,0.391,10264,4,0.207,26462,9,-0.349,21834,7,1.922,7011,3,1.517,1247,1,0.798,5610,2,2137,113,1824,200,1798.5
"E01006515","Liverpool 037B",58.992,1019,1,0.426,497,1,0.298,1088,1,33.505,7325,3,1.895,609,1,1.157,2231,1,17.403,20038,7,29.776,8777,3,0.456,1499,1,0.759,25,1,0.666,6864,3,0.385,7812,3,-0.327,21473,7,0.965,10701,4,0.195,13613,5,1.086,3414,2,1213,177,804,232,813.25
"E01006518","Liverpool 044A",63.373,662,1,0.426,498,1,0.339,463,1,49.901,3185,1,2.241,210,1,0.668,6790,3,15.524,22396,7,31.032,8225,3,0.502,747,1,0.521,647,1,0.78,5675,2,0.505,1937,1,-0.872,28645,9,1.27,9444,3,0.62,7907,3,0.498,8828,3,1673,274,946,453,972.75
"E01006519","Liverpool 056A",10.98,23033,8,0.053,27298,9,0.079,20083,7,1.758,31238,10,0.262,12388,4,0.11,14838,5,11.373,27302,9,26.352,10607,4,0.051,28421,9,0.076,26735,9,-1.317,31254,10,0.169,29562,10,0.194,12532,4,-3.841,31344,10,0.489,9503,3,0.293,11578,4,1306,238,737,331,744.5
"E01006520","Liverpool 043A",42.184,3867,2,0.24,5978,2,0.209,4476,2,11.411,20565,7,1.601,1306,1,1.341,1293,1,16.581,21034,7,53.375,1701,1,0.212,11576,4,0.516,685,1,0.185,13305,5,0.171,29458,9,-0.277,20609,7,0.688,12017,4,1.394,1738,1,0.655,6999,3,1679,93,1317,269,1352
"E01006521","Liverpool 052A",28.516,8908,3,0.172,10422,4,0.17,7244,3,13.017,19069,6,1.072,3890,2,0.563,8155,3,9.974,28833,9,39.681,4811,2,0.211,11624,4,0.239,9073,3,0.236,12495,4,0.199,27190,9,-0.642,26105,8,-0.297,17099,6,0.911,4856,2,0.652,7024,3,1639,169,1002,468,1036.25
"E01006522","Liverpool 048A",47.316,2731,1,0.273,4432,2,0.234,3158,1,29.179,8917,3,2.218,223,1,1.069,2844,1,12.485,26083,8,41.945,4158,2,0.399,2861,1,0.478,1073,1,1.13,2769,1,0.202,26945,9,-0.859,28532,9,0.589,12480,4,1.049,3771,2,0.537,8355,3,1697,130,1414,153,1436
"E01006523","Liverpool 052B",37.321,5351,2,0.248,5564,2,0.204,4776,2,9.09,22780,7,1.647,1165,1,0.675,6705,3,14.607,23555,8,42.393,4020,2,0.286,7330,3,0.389,2722,1,-0.056,17142,6,0.188,28156,9,-0.271,20511,7,0.2,14417,5,1.09,3461,2,0.466,9229,3,1463,148,1043,272,1056
"E01006524","Liverpool 048B",10.148,24024,8,0.054,26967,9,0.028,32101,10,6.397,25738,8,0.569,8594,3,-0.302,21090,7,19.782,17096,6,22.257,13111,4,0.085,23149,8,0.174,14110,5,-0.259,20378,7,0.161,30078,10,0.006,15716,5,0.723,11848,4,0.299,12124,4,0.237,12395,4,2339,136,1751,452,1669
"E01006525","Liverpool 049A",10.873,23149,8,0.059,25936,8,0.081,19726,7,4.051,28509,9,0.213,13056,4,-0.272,20655,7,13.061,25395,8,25.973,10827,4,0.045,29233,9,0.072,27479,9,-0.689,26331,9,0.182,28660,9,0.282,11052,4,-3.409,30543,10,0.302,12078,4,0.609,7527,3,1232,159,721,352,748.75
"E01006526","Liverpool 048C",19.383,14735,5,0.114,16403,5,0.117,13059,4,5.34,26964,9,0.868,5481,2,0.246,12756,4,7.09,31069,10,33.07,7321,3,0.074,24794,8,0.217,10532,4,-0.691,26353,9,0.216,25554,8,-0.297,20963,7,-2.338,27509,9,0.641,7657,3,0.646,7113,3,1399,186,831,382,846.25
"E01006527","Liverpool 053A",18.767,15258,5,0.152,12306,4,0.117,13106,4,7.418,24604,8,0.895,5240,2,-0.791,27413,9,9.361,29413,9,24.412,11753,4,0.155,15790,5,0.264,7650,3,-0.581,24972,8,0.243,22439,7,-0.401,22671,7,-0.971,20808,7,0.28,12400,4,0.497,8840,3,1426,213,850,363,831.25
"E01006528","Liverpool 052C",26.713,9881,4,0.164,11183,4,0.138,10262,4,13.854,18339,6,1.017,4269,2,0.154,14149,5,13.667,24693,8,48.558,2542,1,0.213,11480,4,0.255,8113,3,0.295,11648,4,0.201,27054,9,0.123,13708,5,-1.467,23433,8,1.368,1852,1,0.254,12138,4,1449,233,1001,215,1010.5
"E01006529","Liverpool 048D",13.951,19679,6,0.089,20056,7,0.085,18884,6,3.93,28663,9,0.557,8740,3,-0.827,27769,9,3.674,32504,10,38.73,5123,2,0.064,26302,9,0.186,13104,4,-0.79,27413,9,0.192,27827,9,-0.831,28240,9,-2.368,27629,9,1.015,4049,2,0.312,11324,4,1303,217,836,250,836.75
"E01006530","Liverpool 055A",11.407,22517,7,0.086,20564,7,0.091,17622,6,7.054,24990,8,0.296,11940,4,-0.563,24678,8,5.056,32109,10,15.981,17689,6,0.124,18539,6,0.105,21906,7,-0.361,21854,7,0.207,26476,9,-0.526,24542,8,-2.518,28137,9,-0.257,20238,7,0.385,10297,4,1418,203,736,479,741.75
"E01006531","Liverpool 055B",11.12,22878,7,0.096,18876,6,0.079,20105,7,5.969,26235,8,0.399,10633,4,-0.991,29295,9,8.2,30351,10,15.878,17781,6,0.074,24798,8,0.152,16181,5,-0.759,27105,9,0.234,23500,8,-0.17,18799,6,-2.415,27793,9,-0.427,22565,7,0.537,8354,3,1439,159,683,597,694.75
"E01006532","Liverpool 047A",8.798,25698,8,0.044,29167,9,0.066,23403,8,1.733,31267,10,0.053,15359,5,-0.197,19548,6,20.911,15653,5,16.499,17253,6,0.026,31753,10,0.091,24103,8,-1.388,31539,10,0.172,29360,9,0.744,5360,2,-3.439,30607,10,-0.269,20398,7,0.451,9444,3,1558,256,821,481,832.5
"E01006533","Liverpool 055C",27.107,9666,3,0.174,10290,4,0.174,6848,3,15.447,17117,6,1.104,3678,2,0.033,16032,5,21.086,15439,5,21.141,13864,5,0.128,18245,6,0.247,8576,3,-0.014,16448,6,0.293,16693,6,0.587,6938,3,-1.497,23593,8,-0.013,16684,6,0.606,7552,3,1330,182,715,433,739.5
"E01006534","Liverpool 054A",27.928,9213,3,0.178,9901,4,0.179,6428,2,21.866,12568,4,1.231,2900,1,-0.068,17577,6,12.327,26259,8,21.524,13587,5,0.176,14088,5,0.261,7771,3,-0.358,21800,7,0.397,7010,3,-0.196,19252,6,-0.614,18829,6,0.233,13079,4,0.281,11756,4,1513,250,958,305,943.75
"E01006535","Liverpool 054B",32.399,7155,3,0.198,8477,3,0.179,6474,2,23.784,11498,4,1.633,1203,1,0.27,12374,4,10.873,27853,9,27.615,9902,4,0.173,14280,5,0.298,5965,2,0.138,14064,5,0.368,9228,3,-0.105,17627,6,-1.459,23392,8,0.592,8223,3,0.196,12990,4,1610,236,977,397,970.25
"E01006536","Liverpool 054C",39.612,4616,2,0.264,4833,2,0.244,2698,1,36.404,6366,2,1.551,1459,1,-0.173,19186,6,11.286,27414,9,27.397,10012,4,0.329,5382,2,0.31,5421,2,0.531,8397,3,0.433,4863,2,-0.322,21370,7,-0.576,18606,6,0.566,8566,3,0.24,12345,4,1841,298,1116,427,1124.75
"E01006537","Liverpool 055D",23.951,11456,4,0.158,11668,4,0.117,13081,4,20.352,13507,5,0.613,8091,3,-0.242,20236,7,12.411,26166,8,51.596,1975,1,0.276,7900,3,0.131,18462,6,0.135,14117,5,0.332,12539,4,-0.212,19509,6,-0.548,18444,6,1.354,1922,1,0.609,7531,3,2329,429,1496,404,1510.75
"E01006538","Liverpool 055E",20.815,13612,5,0.139,13587,5,0.128,11474,4,19.748,13961,5,0.809,6033,2,-0.603,25228,8,3.331,32582,10,29.843,8739,3,0.154,15866,5,0.191,12675,4,0.009,16088,5,0.341,11607,4,-0.951,29324,9,-2.316,27424,9,0.362,11203,4,0.852,5123,2,1292,195,770,327,778.25
"E01006539","Liverpool 047B",12.509,21200,7,0.066,24318,8,0.098,16120,5,2.717,30139,10,0.414,10431,4,-0.163,19047,6,14.979,23080,8,20.402,14363,5,0.058,27316,9,0.089,24406,8,-1.516,31962,10,0.206,26559,9,0.377,9631,3,-2.953,29487,9,0.134,14539,5,0.332,11059,4,1452,189,806,457,829.5
"E01006540","Liverpool 024A",78.547,48,1,0.478,176,1,0.414,87,1,62.281,1419,1,3.024,9,1,1.479,799,1,18.096,19203,6,51.824,1939,1,0.49,925,1,0.504,791,1,0.804,5456,2,0.576,407,1,-0.704,26817,9,1.642,7995,3,1.359,1898,1,0.615,7458,3,1538,297,1005,236,1018
"E01006541","Liverpool 015A",47.926,2615,1,0.271,4495,2,0.245,2663,1,38.215,5857,2,1.467,1770,1,1.665,431,1,13.314,25091,8,38.102,5337,2,0.331,5305,2,0.306,5610,2,0.341,10978,4,0.472,3069,1,-0.169,18774,6,-0.409,17685,6,0.816,5774,2,0.733,6219,2,1566,242,914,410,929
"E01006542","Liverpool 018A",57.46,1167,1,0.312,2894,1,0.293,1196,1,39.291,5518,2,1.589,1339,1,1.823,231,1,12.545,26013,8,58.036,1106,1,0.433,1975,1,0.292,6222,2,0.136,14093,5,0.5,2073,1,-0.272,20517,7,-0.339,17327,6,1.394,1737,1,1.055,3619,2,1405,244,886,275,867
"E01006543","Liverpool 015B",25.714,10457,4,0.134,14055,5,0.118,12925,4,25.178,10771,4,0.684,7303,3,1.002,3356,2,6.888,31205,10,40.187,4662,2,0.163,15122,5,0.189,12852,4,-0.373,22059,7,0.428,5084,2,-0.344,21765,7,-2.206,26978,9,0.986,4266,2,0.532,8412,3,1248,196,753,299,750.5
"E01006544","Liverpool 015C",63.699,632,1,0.39,933,1,0.328,579,1,51.951,2831,1,2.157,264,1,1.262,1628,1,12.434,26143,8,35.467,6356,2,0.447,1672,1,0.414,2142,1,0.448,9442,3,0.55,795,1,-1.008,29761,10,0.69,12010,4,0.789,6020,2,0.545,8244,3,1643,337,986,320,959.5
"E01006545","Liverpool 019A",42.33,3829,2,0.235,6239,2,0.217,4053,2,36.135,6461,2,1.433,1900,1,0.772,5551,2,6.162,31600,10,58.922,996,1,0.307,6336,2,0.22,10336,4,0.53,8417,3,0.43,4976,2,-1.176,30837,10,-0.877,20293,7,1.58,1059,1,0.639,7211,3,1498,327,894,277,880.75
"E01006546","Liverpool 019B",62.121,747,1,0.369,1346,1,0.282,1459,1,47.405,3656,2,1.621,1242,1,1.708,362,1,8.819,29884,10,66.897,321,1,0.532,461,1,0.271,7235,3,0.722,6256,2,0.494,2255,1,-1.635,32386,10,0.048,15242,5,1.658,825,1,1.094,3372,2,1307,296,817,194,805.25
"E01006547","Liverpool 019C",78.443,50,1,0.427,489,1,0.396,122,1,59.308,1762,1,2.476,101,1,1.801,251,1,11.383,27284,9,71.776,157,1,0.537,426,1,0.385,2806,1,1.088,3086,1,0.523,1384,1,-1.375,31755,10,0.613,12356,4,1.83,480,1,1.089,3398,2,1496,297,948,251,943.75
"E01006548","Liverpool 019D",67.343,404,1,0.394,866,1,0.314,779,1,43.959,4379,2,2.301,170,1,1.342,1285,1,13.086,25369,8,66.496,353,1,0.472,1204,1,0.369,3269,1,0.72,6284,2,0.47,3178,1,-0.944,29256,9,0.793,11524,4,1.816,504,1,0.675,6805,3,1645,338,974,333,958
"E01006549","Liverpool 043B",46.379,2903,1,0.251,5433,2,0.232,3231,1,10.158,21701,7,1.799,791,1,0.85,4755,2,27.205,8997,3,64.785,452,1,0.294,6984,3,0.392,2620,1,-0.184,19227,6,0.24,22857,7,0.254,11505,4,1.568,8281,3,1.834,473,1,0.466,9245,3,1709,151,1360,198,1375.5
"E01006550","Liverpool 038A",20.183,14077,5,0.107,17283,6,0.07,22327,7,3.272,29479,9,1.226,2938,1,0.142,14332,5,12.891,25589,8,49.127,2435,1,0.399,2869,1,0.368,3288,2,-1.193,30649,10,0.208,26375,9,-2.311,32819,10,1.028,10425,4,1.234,2553,1,0.716,6399,2,1664,95,1458,111,1468.25
"E01006551","Liverpool 048E",38.929,4819,2,0.265,4784,2,0.206,4648,2,24.628,11057,4,1.832,721,1,0.21,13317,5,22.786,13427,5,23.872,12076,4,0.397,2937,1,0.448,1499,1,0.419,9853,3,0.335,12220,4,0.086,14357,5,1.166,9895,4,-0.023,16810,6,0.857,5079,2,1593,88,1071,434,1109.25
"E01006552","Liverpool 039A",55.261,1432,1,0.396,832,1,0.245,2650,1,46.043,3948,2,1.255,2767,1,1.037,3072,1,27.752,8545,3,46.149,3070,1,0.445,1726,1,0.532,557,1,1.233,2164,1,0.392,7361,3,0.118,13811,5,2.059,6531,2,1.241,2506,1,0.412,9965,4,2059,586,1293,180,1296
"E01006553","Liverpool 042A",19.47,14677,5,0.108,17223,6,0.074,21535,7,9.748,22118,7,0.717,6928,3,0.142,14328,5,9.682,29120,9,55.102,1445,1,0.209,11769,4,0.295,6119,2,0.048,15452,5,0.171,29438,9,-2.037,32758,10,0.295,13946,5,1.476,1403,1,0.578,7868,3,1882,204,1534,144,1524
"E01006554","Liverpool 048F",26.016,10277,4,0.129,14573,5,0.127,11662,4,2.209,30729,10,1.23,2913,1,0.156,14119,5,15.266,22712,7,59.068,976,1,0.063,26480,9,0.293,6167,2,-1.339,31336,10,0.186,28333,9,-0.697,26751,9,1.044,10371,4,1.66,818,1,0.389,10244,4,1735,173,1397,165,1412
"E01006556","Liverpool 039B",72.584,178,1,0.45,307,1,0.308,900,1,70.145,751,1,2.299,172,1,1.333,1331,1,19.806,17070,6,52.193,1877,1,0.514,624,1,0.599,260,1,1.427,1287,1,0.538,1018,1,-0.918,29049,9,2.128,6281,2,1.204,2724,1,1.046,3665,2,2125,472,1422,231,1392.25
"E01006557","Liverpool 038B",19.272,14804,5,0.085,20774,7,0.053,26886,9,15.884,16768,6,0.763,6458,2,0.212,13277,5,14.342,23859,8,56.864,1234,1,0.299,6717,3,0.265,7593,3,0.385,10348,4,0.218,25385,8,-1.806,32607,10,1.332,9200,3,1.556,1129,1,0.511,8686,3,2146,155,1860,131,1866
"E01006558","Liverpool 018B",75.782,90,1,0.455,279,1,0.409,96,1,51.159,2967,1,2.826,27,1,1.166,2190,1,14.887,23186,8,65.225,431,1,0.584,191,1,0.376,3065,1,0.562,8020,3,0.534,1103,1,-0.635,26020,8,0.893,11042,4,1.752,629,1,0.733,6211,2,1297,204,822,271,831.5
"E01006560","Liverpool 023A",70.702,248,1,0.447,333,1,0.444,42,1,56.055,2184,1,2.608,59,1,1.115,2489,1,20.324,16375,5,17.591,16407,5,0.375,3642,2,0.545,466,1,0.21,12926,4,0.602,204,1,-0.373,22236,7,1.664,7914,3,-0.777,26710,9,0.911,4613,2,1853,285,1068,500,1094.25
"E01006562","Liverpool 018E",74.569,121,1,0.441,380,1,0.385,177,1,74.21,525,1,2.235,215,1,1.36,1220,1,15.675,22204,7,40.738,4494,2,0.491,912,1,0.414,2147,1,1.313,1775,1,0.58,362,1,-0.697,26750,9,1.144,9994,4,0.891,5026,2,0.793,5666,2,1503,321,915,267,911.75
"E01006563","Liverpool 024B",78.838,44,1,0.525,55,1,0.434,56,1,64.571,1182,1,2.728,41,1,1.803,249,1,19.016,18059,6,30.82,8296,3,0.65,64,1,0.515,693,1,0.973,3939,2,0.568,494,1,-0.581,25293,8,1.693,7808,3,0.426,10299,4,0.83,5317,2,1724,332,882,510,889.5
"E01006564","Liverpool 023B",44.55,3292,2,0.295,3544,2,0.264,2004,1,42.524,4704,2,1.678,1070,1,0.346,11182,4,15.883,21939,7,17.95,16170,5,0.361,4192,2,0.348,3926,2,0.137,14084,5,0.52,1461,1,-0.074,17060,6,0.001,15479,5,-0.23,19861,7,0.551,8179,3,1676,222,908,546,951
"E01006565","Liverpool 029A",43.744,3478,2,0.25,5441,2,0.218,3997,2,34.062,7141,3,1.557,1436,1,1.256,1664,1,8.726,29976,10,45.051,3313,2,0.259,8785,3,0.34,4245,2,0.152,13828,5,0.46,3587,2,-0.612,25701,8,-0.719,19410,6,1.028,3946,2,0.869,4969,2,1519,257,873,389,877.25
"E01006566","Liverpool 032A",25.619,10511,4,0.151,12385,4,0.14,10047,4,13.672,18486,6,1.078,3856,2,0.41,10260,4,9.134,29621,10,39.554,4854,2,0.179,13815,5,0.238,9168,3,-0.382,22196,7,0.314,14475,5,-0.506,24244,8,-0.798,19849,7,0.81,5824,2,0.867,4984,2,1495,278,868,349,875.25
"E01006567","Liverpool 026A",45.681,3039,1,0.289,3752,2,0.273,1743,1,38.974,5609,2,1.719,962,1,0.348,11163,4,15.468,22451,7,28.604,9379,3,0.296,6849,3,0.349,3874,2,0.266,12092,4,0.486,2554,1,-0.054,16716,6,-0.173,16394,5,0.557,8662,3,0.388,10255,4,1652,207,990,455,1007
"E01006568","Liverpool 026B",30.751,7879,3,0.196,8577,3,0.17,7160,3,17.825,15282,5,1.31,2466,1,-0.053,17370,6,27.968,8383,3,25.289,11206,4,0.19,13030,4,0.311,5395,2,-0.154,18748,6,0.339,11825,4,0.884,4226,2,-0.91,20467,7,0.446,10052,4,0.267,11957,4,1602,288,946,368,947
"E01006569","Liverpool 029B",54.643,1522,1,0.313,2878,1,0.281,1510,1,44.35,4298,2,1.694,1037,1,1.399,1054,1,14.784,23334,8,46.415,3000,1,0.339,5003,2,0.399,2446,1,0.677,6739,3,0.478,2836,1,-0.14,18231,6,-0.098,15976,5,1.085,3498,2,0.846,5179,2,1435,204,811,420,795
"E01006570","Liverpool 026C",21.574,13018,4,0.12,15626,5,0.146,9398,3,13.294,18801,6,0.837,5764,2,-0.161,19026,6,9.6,29202,9,33.601,7121,3,0.135,17507,6,0.143,17140,6,-0.477,23562,8,0.317,14096,5,-0.127,17992,6,-1.916,25653,8,0.719,6794,3,0.534,8390,3,1492,245,898,349,896.75
"E01006571","Liverpool 026D",56.319,1301,1,0.33,2351,1,0.295,1153,1,48.95,3370,2,1.716,975,1,1.301,1452,1,9.979,28826,9,45.475,3224,1,0.363,4111,2,0.422,1991,1,1.029,3493,2,0.46,3571,2,-0.769,27576,9,-0.133,16171,5,0.815,5785,2,1.336,2103,1,1465,248,872,345,854.25
"E01006572","Liverpool 025A",65.332,513,1,0.461,252,1,0.341,446,1,68.29,896,1,1.976,482,1,0.663,6851,3,10.105,28693,9,19.799,14812,5,0.624,89,1,0.419,2049,1,1.559,844,1,0.506,1863,1,-1.649,32410,10,0.371,13573,5,-0.311,20989,7,0.796,5641,2,1209,306,675,228,675
"E01006573","Liverpool 029C",48.409,2528,1,0.337,2092,1,0.264,1995,1,27.282,9758,3,1.525,1542,1,0.468,9464,3,8.946,29779,10,55.778,1360,1,0.406,2663,1,0.407,2298,1,0.149,13876,5,0.4,6789,3,-1.454,32002,10,0.046,15253,5,1.376,1821,1,0.911,4607,2,1517,300,859,358,870
"E01006574","Liverpool 025B",53.493,1665,1,0.368,1363,1,0.308,890,1,37.547,6039,2,1.799,792,1,0.72,6180,2,7.095,31066,10,29.794,8766,3,0.358,4273,2,0.539,510,1,0.434,9625,3,0.455,3777,2,-1.288,31416,10,-0.53,18330,6,0.456,9931,4,0.69,6615,3,1342,282,751,309,737.25
"E01006575","Liverpool 034A",33.393,6760,3,0.202,8199,3,0.184,6076,2,26.396,10192,4,1.13,3499,2,0.716,6225,2,15.235,22741,7,36.748,5854,2,0.254,9050,3,0.24,8990,3,0.6,7571,3,0.323,13511,5,0.13,13599,5,-0.924,20553,7,0.703,6970,3,0.849,5146,2,1324,215,760,349,767.75
"E01006576","Liverpool 034B",16.935,16809,6,0.092,19471,6,0.092,17258,6,11.359,20608,7,0.288,12048,4,0.218,13175,5,10.219,28583,9,42.597,3967,2,0.129,18144,6,0.133,18252,6,-0.406,22562,7,0.287,17505,6,0.025,15392,5,-2.577,28349,9,0.731,6672,3,1.269,2393,1,1719,297,1031,391,1044.75
"E01006577","Liverpool 034C",13.805,19826,7,0.072,23104,8,0.098,16222,5,5.921,26291,9,-0.001,16141,5,0.293,12019,4,7.109,31058,10,35.16,6478,2,0.049,28779,9,0.105,21974,7,-0.762,27127,9,0.234,23581,8,-0.135,18129,6,-4.101,31724,10,0.804,5878,2,0.483,9010,3,1495,249,879,367,872.25
"E01006578","Liverpool 036A",15.993,17639,6,0.092,19529,6,0.1,15883,5,11.464,20512,7,0.512,9273,3,-0.469,23470,8,7.756,30649,10,36.547,5929,2,0.114,19582,6,0.151,16261,5,-0.185,19236,6,0.262,20348,7,-0.266,20417,7,-2.123,26627,9,0.76,6369,2,0.719,6351,2,1356,265,808,283,815.75
"E01006579","Liverpool 034D",11.428,22488,7,0.079,21848,7,0.076,20902,7,6.309,25849,8,-0.006,16208,5,-0.265,20557,7,8.288,30289,10,32.16,7722,3,0.075,24567,8,0.117,20252,7,-1.031,29576,10,0.257,20889,7,-0.105,17630,6,-2.92,29391,9,0.371,11076,4,1.031,3766,2,1656,328,907,421,922.75
"E01006580","Liverpool 036B",11.249,22708,7,0.07,23482,8,0.079,20217,7,3.898,28698,9,0.543,8921,3,0.009,16393,5,8.651,30036,10,13.645,19781,7,0.099,21508,7,0.107,21687,7,-1.014,29451,9,0.212,25973,8,-0.035,16353,5,-3.464,30663,10,-0.603,24768,8,0.459,9358,3,1323,228,782,313,784
"E01006581","Liverpool 036C",8.838,25651,8,0.068,23879,8,0.07,22528,7,3.267,29481,9,-0.191,18984,6,-0.287,20854,7,3.715,32492,10,25.889,10873,4,0.052,28181,9,0.133,18252,6,-1.291,31135,10,0.212,25972,8,-0.77,27586,9,-2.531,28181,9,0.241,12964,4,0.693,6585,3,1556,288,877,391,882
"E01006582","Liverpool 041A",7.184,27764,9,0.048,28343,9,0.064,23935,8,1.95,31026,10,-0.476,22938,7,-0.15,18857,6,6.264,31553,10,25.765,10947,4,0.039,30152,10,0.075,26905,9,-1.274,31061,10,0.174,29247,9,-0.289,20806,7,-3.079,29813,10,0.177,13884,5,0.776,5813,2,1664,316,959,389,951.75
"E01006583","Liverpool 047C",3.028,32090,10,0.021,32419,10,0.031,31701,10,2.46,30417,10,-0.371,21537,7,-1.132,30378,10,10.564,28188,9,10.689,22805,7,0.024,31935,10,0.04,31735,10,-1.169,30502,10,0.184,28473,9,0.067,14680,5,-2.721,28814,9,-0.433,22633,7,-0.041,16751,6,1808,244,1204,360,1185
"E01006584","Liverpool 034E",24.95,10898,4,0.113,16472,6,0.164,7730,3,12.419,19638,6,0.545,8884,3,0.706,6339,2,13.185,25253,8,45.173,3291,2,0.057,27445,9,0.154,15986,5,-0.295,20903,7,0.289,17198,6,0.14,13414,5,-1.779,24984,8,0.932,4682,2,1.079,3464,2,1362,210,784,368,788.75
"E01006585","Liverpool 032B",53.748,1638,1,0.36,1528,1,0.308,902,1,43.339,4510,2,2.078,328,1,0.064,15572,5,14.908,23159,8,27.225,10104,4,0.334,5203,2,0.469,1174,1,0.45,9426,3,0.498,2164,1,-0.296,20938,7,0.335,13744,5,0.29,12237,4,0.739,6159,2,1345,228,771,346,788.75
"E01006586","Liverpool 032C",36.109,5727,2,0.23,6508,2,0.209,4446,2,24.432,11150,4,1.476,1734,1,0.341,11259,4,16.56,21070,7,33.101,7308,3,0.229,10471,4,0.356,3679,2,0.18,13370,5,0.369,9158,3,0.116,13846,5,-0.459,17947,6,0.645,7603,3,0.64,7184,3,1897,286,1215,396,1234
"E01006587","Liverpool 032D",26.84,9804,3,0.177,9985,4,0.175,6801,3,15.978,16700,6,0.89,5289,2,0.359,10985,4,17.58,19824,7,23.462,12340,4,0.157,15624,5,0.243,8821,3,-0.256,20324,7,0.329,12867,4,0.315,10540,4,-1.09,21454,7,0.095,15133,5,0.683,6701,3,1596,261,990,345,1004.25
"E01006588","Liverpool 042C",33.362,6776,3,0.205,8023,3,0.181,6285,2,6.678,25422,8,1.548,1471,1,0.224,13087,4,7.013,31124,10,55.89,1341,1,0.163,15141,5,0.38,2938,1,-0.341,21534,7,0.193,27775,9,-0.65,26210,8,-1.224,22157,7,1.452,1487,1,0.714,6415,2,1502,184,1011,307,1021
"E01006589","Liverpool 041B",12.298,21457,7,0.084,20967,7,0.093,17052,6,7.339,24687,8,0.196,13261,5,-0.24,20196,7,3.325,32583,10,23.091,12568,4,0.08,23934,8,0.121,19651,6,-0.67,26128,8,0.251,21594,7,-0.633,25997,8,-3.613,30949,10,-0.027,16883,6,0.798,5618,2,1529,284,881,364,893
"E01006590","Liverpool 042D",19.874,14362,5,0.113,16556,6,0.112,13800,5,3.87,28738,9,0.449,9997,4,0.04,15927,5,6.238,31566,10,56.684,1254,1,0.133,17690,6,0.204,11530,4,-0.651,25896,8,0.169,29610,10,-0.724,27081,9,-1.372,22967,7,1.503,1293,1,0.639,7210,3,1637,204,1197,236,1197.75
"E01006591","Liverpool 041C",13.028,20647,7,0.075,22621,7,0.071,22208,7,3.379,29336,9,0.184,13444,5,-0.5,23876,8,3.307,32589,10,50.092,2255,1,0.067,25766,8,0.136,17972,6,-0.704,26489,9,0.158,30229,10,-1.063,30145,10,-2.145,26734,9,1.219,2647,1,0.841,5229,2,1663,264,1104,295,1098.75
"E01006592","Liverpool 041D",7.653,27185,9,0.062,25284,8,0.066,23507,8,0.895,32166,10,-0.269,20139,7,-0.613,25352,8,7.48,30837,10,26.482,10518,4,0.069,25572,8,0.094,23617,8,-1.534,32011,10,0.138,31144,10,-0.231,19864,7,-2.482,28041,9,0.098,15086,5,0.937,4409,2,1558,230,864,464,895.75
"E01006593","Liverpool 042E",20.958,13499,5,0.12,15651,5,0.104,15088,5,16.401,16323,5,0.717,6934,3,-0.072,17644,6,5.903,31739,10,47.821,2702,1,0.161,15309,5,0.218,10464,4,0.541,8257,3,0.159,30189,10,-1.489,32086,10,-0.815,19950,7,1.207,2709,1,0.665,6882,3,1578,242,1125,211,1132
"E01006594","Liverpool 047D",7.028,27937,9,0.053,27215,9,0.065,23856,8,2.239,30688,10,-0.215,19334,6,-2.067,32778,10,16.624,20994,7,19.77,14832,5,0.031,31143,10,0.097,23227,8,-1.24,30878,10,0.182,28680,9,0.507,7886,3,-3.608,30943,10,-0.017,16730,6,0.479,9064,3,1391,210,750,431,769.5
"E01006595","Liverpool 049B",15.073,18567,6,0.107,17369,6,0.096,16475,6,6.255,25924,8,0.47,9756,3,-0.714,26577,9,6.543,31392,10,35.388,6394,2,0.137,17392,6,0.191,12665,4,-0.364,21907,7,0.186,28345,9,-0.384,22425,7,-2.209,26995,9,0.827,5650,2,0.452,9433,3,1787,294,1077,416,1081.5
"E01006596","Liverpool 049C",14.335,19302,6,0.089,19977,7,0.119,12745,4,3.484,29204,9,0.316,11692,4,-0.081,17786,6,5.672,31849,10,24.552,11684,4,0.08,23832,8,0.115,20560,7,-1.025,29535,9,0.203,26864,9,-0.461,23578,8,-2.402,27734,9,0.359,11247,4,0.367,10559,4,1476,232,919,325,920
"E01006597","Liverpool 041E",7.969,26785,9,0.049,28021,9,0.058,25649,8,0.979,32076,10,0.042,15514,5,-0.401,22559,7,12.761,25744,8,25.206,11271,4,0.028,31562,10,0.099,22852,7,-1.389,31547,10,0.131,31370,10,0.269,11246,4,-3.545,30834,10,0.256,12761,4,0.614,7477,3,1678,274,964,440,983.25
"E01006598","Liverpool 010A",64.452,574,1,0.45,316,1,0.338,469,1,50.573,3050,1,2.136,283,1,0.889,4387,2,15.185,22810,7,25.364,11168,4,0.521,553,1,0.484,1003,1,0.331,11143,4,0.552,748,1,-0.601,25566,8,0.919,10943,4,0.432,10234,4,0.304,11421,4,1435,356,777,302,757
"E01006599","Liverpool 010B",60.255,911,1,0.424,511,1,0.261,2106,1,73.883,549,1,1.631,1209,1,1.003,3342,2,18.098,19198,6,26.601,10449,4,0.521,551,1,0.47,1163,1,1.526,929,1,0.544,892,1,-0.194,19231,6,0.853,11243,4,0.456,9932,4,0.388,10252,4,1183,331,692,160,686.5
"E01006600","Liverpool 011A",52.356,1824,1,0.337,2087,1,0.294,1172,1,43.823,4409,2,1.822,745,1,0.737,5962,2,10.276,28525,9,32.901,7393,3,0.455,1516,1,0.365,3386,2,0.573,7893,3,0.487,2515,1,-0.416,22930,7,-0.637,18966,6,0.527,9043,3,0.845,5190,2,1386,239,827,320,824
"E01006603","Liverpool 011B",51.479,1972,1,0.337,2103,1,0.263,2025,1,41.984,4818,2,1.836,711,1,0.889,4386,2,14.533,23646,8,37.15,5688,2,0.462,1390,1,0.449,1482,1,0.442,9529,3,0.489,2458,1,0.026,15377,5,-0.711,19366,6,0.677,7252,3,0.927,4480,2,1367,222,788,357,789.5
"E01006604","Liverpool 016A",50.89,2070,1,0.293,3608,2,0.271,1793,1,49.513,3252,1,1.83,728,1,0.713,6260,2,13.182,25256,8,45.448,3232,1,0.366,4000,2,0.342,4135,2,0.827,5229,2,0.496,2211,1,-0.059,16806,6,-0.822,19988,7,1.028,3945,2,0.9,4699,2,1344,216,824,304,825.75
"E01006605","Liverpool 016B",51.09,2043,1,0.324,2520,1,0.283,1447,1,42.655,4662,2,1.719,964,1,0.967,3656,2,13.356,25048,8,31.475,8024,3,0.368,3916,2,0.437,1680,1,0.34,10999,4,0.504,1944,1,-0.254,20215,7,-0.167,16360,5,0.409,10534,4,0.91,4623,2,1535,258,919,358,921.75
"E01006606","Liverpool 020A",48.442,2521,1,0.29,3713,2,0.252,2401,1,37.619,6019,2,1.709,1000,1,1.139,2338,1,12.749,25755,8,41.675,4226,2,0.329,5401,2,0.361,3516,2,0.562,8021,3,0.439,4544,2,-0.118,17845,6,-0.747,19565,6,0.914,4835,2,0.826,5363,2,1522,262,917,343,935
"E01006607","Liverpool 008A",53.98,1608,1,0.373,1276,1,0.285,1376,1,63.118,1332,1,1.607,1282,1,0.311,11746,4,9.119,29634,10,30.414,8477,3,0.426,2134,1,0.403,2374,1,1.09,3066,1,0.545,880,1,-1.059,30115,10,-0.098,15973,5,0.39,10811,4,0.856,5090,2,1554,333,887,334,889.75
"E01006608","Liverpool 009A",41.054,4203,2,0.265,4801,2,0.209,4477,2,27.636,9583,3,1.484,1707,1,0.579,7958,3,12.101,26519,9,53.598,1661,1,0.29,7164,3,0.367,3310,2,-0.136,18454,6,0.432,4873,2,-0.262,20339,7,-0.504,18183,6,1.346,1961,1,0.811,5503,2,1225,222,753,250,752.75
"E01006609","Liverpool 009B",51.107,2038,1,0.317,2744,1,0.275,1667,1,34.097,7128,3,1.662,1122,1,0.842,4841,2,6.848,31225,10,57.241,1187,1,0.496,839,1,0.259,7892,3,0.198,13126,4,0.455,3782,2,-1.138,30630,10,-0.682,19223,6,1.366,1861,1,1.059,3588,2,1281,231,800,250,799
"E01006610","Liverpool 009C",66.998,427,1,0.392,903,1,0.3,1051,1,39.589,5448,2,2.332,157,1,1.559,610,1,9.661,29140,9,71.847,154,1,0.471,1229,1,0.493,884,1,0.578,7838,3,0.453,3854,2,-1.615,32354,10,0.256,14149,5,1.692,749,1,1.406,1829,1,1390,267,825,298,840.75
"E01006611","Liverpool 012A",81.53,24,1,0.442,370,1,0.393,130,1,70.939,703,1,2.308,167,1,1.909,157,1,12.708,25809,8,75.73,75,1,0.498,806,1,0.39,2689,1,1.524,935,1,0.527,1270,1,-1.049,30044,10,0.774,11604,4,1.897,394,1,1.277,2358,1,1270,228,817,225,822.5
"E01006612","Liverpool 008B",64.182,595,1,0.415,598,1,0.375,223,1,53.839,2522,1,2.202,228,1,0.783,5437,2,15.315,22648,7,19.427,15063,5,0.498,802,1,0.433,1759,1,0.866,4843,2,0.519,1516,1,-0.251,20175,7,0.333,13758,5,-0.302,20852,7,0.752,6025,2,1479,262,874,343,890
"E01006613","Liverpool 009D",50.271,2179,1,0.293,3622,2,0.257,2226,1,34.189,7101,3,1.489,1688,1,1.607,521,1,10.246,28559,9,48.975,2465,1,0.303,6482,2,0.395,2551,1,-0.253,20275,7,0.493,2306,1,-0.459,23549,8,-0.561,18515,6,0.979,4319,2,1.287,2318,1,1325,202,754,369,773.5
"E01006614","Liverpool 012B",57.094,1216,1,0.328,2402,1,0.276,1641,1,35.824,6571,3,1.604,1292,1,1.568,590,1,9.907,28898,9,67.678,287,1,0.428,2091,1,0.304,5689,2,0.171,13518,5,0.472,3093,1,-1.365,31712,10,0.262,14126,5,1.784,569,1,0.867,4990,2,1317,245,801,271,816.5
"E01006615","Liverpool 012C",59.724,946,1,0.361,1511,1,0.31,847,1,46.089,3938,2,1.756,865,1,1.207,1931,1,10.363,28416,9,52.767,1790,1,0.49,929,1,0.419,2040,1,0.724,6237,2,0.485,2589,1,-1.278,31369,10,0.341,13711,5,1.316,2125,1,0.826,5360,2,1315,242,831,242,825
"E01006616","Liverpool 015D",44.454,3316,2,0.279,4197,2,0.247,2598,1,33.59,7292,3,1.48,1717,1,1.01,3287,2,14.327,23877,8,35.712,6258,2,0.307,6314,2,0.329,4654,2,-0.026,16630,6,0.472,3068,1,-0.089,17342,6,-0.373,17495,6,0.715,6834,3,0.735,6194,2,1404,232,828,344,835.75
"E01006617","Liverpool 021A",23.652,11656,4,0.142,13194,5,0.141,9950,4,11.111,20825,7,0.918,5056,2,0.689,6532,2,7.141,31043,10,28.009,9685,3,0.161,15280,5,0.23,9670,3,-0.461,23350,8,0.288,17289,6,-0.229,19814,7,-2.778,28964,9,0.34,11529,4,0.731,6244,2,1414,192,896,326,886
"E01006618","Liverpool 016C",41.892,3945,2,0.282,4040,2,0.225,3590,2,32.533,7649,3,1.202,3052,1,0.668,6791,3,17.889,19440,6,45.921,3116,1,0.359,4265,2,0.368,3303,2,0.069,15127,5,0.455,3775,2,0.301,10771,4,-0.903,20436,7,1.077,3562,2,0.826,5362,2,1661,240,929,492,937.5
"E01006619","Liverpool 021B",23.833,11532,4,0.141,13309,5,0.136,10500,4,13.802,18376,6,0.597,8284,3,0.253,12659,4,3.941,32435,10,51.1,2068,1,0.175,14129,5,0.184,13195,5,-0.258,20355,7,0.303,15613,5,-1.199,30970,10,-1.695,24600,8,1.292,2243,1,0.74,6145,2,1602,262,931,409,953.25
"E01006620","Liverpool 021C",21.961,12779,4,0.146,12779,4,0.128,11475,4,9.344,22512,7,1.046,4062,2,0.154,14146,5,8.161,30376,10,28.095,9636,3,0.102,21078,7,0.221,10319,4,-0.875,28238,9,0.293,16708,6,-0.548,24848,8,-1.028,21113,7,0.486,9540,3,0.478,9066,3,1462,230,756,476,780.25
"E01006621","Liverpool 021D",15.477,18166,6,0.079,21834,7,0.092,17265,6,6.566,25567,8,0.089,14806,5,0.772,5552,2,15.149,22850,7,27.617,9898,4,0.084,23284,8,0.116,20393,7,-1.257,30979,10,0.27,19487,6,0.359,9902,4,-2.555,28275,9,0.202,13531,5,0.897,4724,2,1451,209,809,433,831
"E01006622","Liverpool 021E",8.934,25530,8,0.059,25947,8,0.064,24042,8,7.731,24245,8,-0.287,20396,7,-0.177,19250,6,5.177,32062,10,28.307,9516,3,0.059,27130,9,0.09,24316,8,-0.874,28229,9,0.271,19295,6,-0.344,21768,7,-3.854,31368,10,0.354,11313,4,0.732,6228,2,1505,270,825,410,829
"E01006623","Liverpool 013A",13.29,20374,7,0.077,22216,7,0.108,14396,5,12.586,19480,6,0.399,10632,4,-0.923,28707,9,13.159,25275,8,15.631,17994,6,0.076,24444,8,0.117,20264,7,-0.957,28968,9,0.336,12177,4,0.273,11192,4,-3.112,29910,10,-0.267,20372,7,0.36,10655,4,1474,232,872,370,885.5
"E01006624","Liverpool 013B",40.713,4306,2,0.252,5379,2,0.242,2818,1,30.315,8464,3,1.609,1277,1,0.429,10014,4,23.422,12720,4,21.571,13559,5,0.277,7854,3,0.291,6274,2,0.169,13547,5,0.425,5246,2,0.455,8521,3,-0.049,15708,5,0.281,12391,4,0.194,13016,4,1566,265,946,355,954
"E01006625","Liverpool 016D",19.714,14501,5,0.135,13913,5,0.12,12620,4,13.318,18782,6,0.747,6623,3,-0.409,22675,7,3.147,32615,10,33.821,7035,3,0.155,15799,5,0.196,12191,4,-0.572,24846,8,0.324,13329,5,-1.119,30517,10,-2.157,26782,9,0.7,6998,3,0.595,7676,3,1375,226,755,394,759.25
"E01006626","Liverpool 016E",24.585,11083,4,0.149,12556,4,0.155,8567,3,12.817,19253,6,0.85,5657,2,0.429,10016,4,8.24,30327,10,35.43,6375,2,0.156,15690,5,0.221,10267,4,-0.873,28226,9,0.335,12247,4,-0.309,21178,7,-1.695,24599,8,0.764,6329,2,0.612,7507,3,1425,192,840,393,843.25
"E01006627","Liverpool 013C",28.548,8895,3,0.159,11589,4,0.154,8622,3,20.017,13759,5,0.971,4637,2,1.028,3137,1,9.985,28819,9,32.037,7764,3,0.134,17663,6,0.236,9265,3,0,16224,5,0.345,11233,4,-0.144,18295,6,-1.649,24387,8,0.605,8072,3,0.624,7379,3,1378,226,826,326,818.25
"E01006628","Liverpool 052D",21.668,12958,4,0.132,14253,5,0.106,14735,5,6.682,25417,8,0.872,5451,2,-0.219,19875,7,22.709,13523,5,42.292,4057,2,0.157,15608,5,0.29,6341,2,-0.407,22564,7,0.207,26504,9,0.683,5916,2,-1.534,23789,8,1.153,3048,1,0.278,11819,4,1914,267,1335,312,1317
"E01006629","Liverpool 052E",29.014,8693,3,0.188,9181,3,0.183,6131,2,20.514,13408,5,1.214,2993,1,-0.06,17474,6,16.571,21046,7,24.284,11836,4,0.279,7729,3,0.286,6535,2,0.405,10050,4,0.288,17320,6,0.257,11453,4,-1.119,21626,7,0.331,11637,4,0.391,10225,4,1242,134,760,348,791.75
"E01006630","Liverpool 044B",70.93,241,1,0.454,287,1,0.386,173,1,73.4,573,1,2.422,116,1,0.917,4133,2,20.967,15573,5,11.493,21925,7,0.497,826,1,0.525,618,1,1.281,1924,1,0.579,366,1,-0.469,23708,8,1.93,6979,3,-1.203,30104,10,0.533,8396,3,1358,299,846,213,813.5
"E01006632","Liverpool 044C",54.773,1500,1,0.364,1446,1,0.303,1005,1,49.186,3321,2,1.883,624,1,0.389,10550,4,15.384,22551,7,31.712,7919,3,0.478,1119,1,0.404,2363,1,0.854,4973,2,0.49,2416,1,-1.183,30873,10,1.422,8853,3,0.571,8489,3,0.657,6973,3,1846,374,1141,331,1134.25
"E01006633","Liverpool 050B",66.298,462,1,0.443,365,1,0.356,336,1,75.77,460,1,2.019,413,1,0.012,16346,5,16.33,21366,7,26.854,10316,4,0.445,1724,1,0.575,338,1,1.256,2050,1,0.605,185,1,-1.048,30033,10,1.552,8356,3,0.339,11532,4,0.629,7325,3,1439,278,807,354,821.5
"E01006637","Liverpool 017A",53.095,1711,1,0.397,819,1,0.305,968,1,43.776,4417,2,1.512,1587,1,0.376,10741,4,14.429,23764,8,22.963,12650,4,0.419,2323,1,0.52,649,1,0.729,6186,2,0.467,3290,2,-0.513,24345,8,0.621,12315,4,-0.019,16755,6,0.776,5812,2,1570,401,958,211,927
"E01006638","Liverpool 017B",69.206,301,1,0.452,297,1,0.362,301,1,80.603,274,1,1.97,493,1,0.847,4795,2,13.53,24852,8,22.941,12661,4,0.57,242,1,0.489,939,1,1.832,316,1,0.543,913,1,-0.792,27826,9,0.764,11653,4,-0.037,17014,6,0.795,5645,2,1220,281,712,227,703.75
"E01006639","Liverpool 017C",26.513,9999,4,0.197,8502,3,0.163,7813,3,28.871,9042,3,0.774,6348,2,0.16,14049,5,13.885,24432,8,15.359,18206,6,0.296,6840,3,0.246,8662,3,0.461,9284,3,0.373,8829,3,0.105,14032,5,-1.287,22460,7,-0.269,20396,7,0.334,11029,4,1538,335,935,268,931.25
"E01006640","Liverpool 021F",21.354,13197,5,0.146,12833,4,0.15,9004,3,16.667,16123,5,0.781,6291,2,-0.291,20914,7,12.019,26592,9,18.502,15761,5,0.121,18938,6,0.197,12110,4,-0.11,18027,6,0.321,13652,5,0.042,15088,5,-1.71,24662,8,-0.113,18158,6,0.475,9116,3,1893,384,1086,423,1101.75
"E01006641","Liverpool 025C",21.735,12909,4,0.119,15760,5,0.107,14625,5,17.731,15339,5,1.481,1715,1,0.027,16122,5,10.258,28547,9,15.79,17857,6,0.09,22553,7,0.372,3174,1,0.185,13296,5,0.292,16833,6,-0.02,16117,5,-2.209,26994,9,-0.242,20029,7,0.35,10794,4,1707,462,1052,193,1032.5
"E01006642","Liverpool 025D",64.311,584,1,0.421,532,1,0.326,603,1,68.988,837,1,2.157,263,1,0.716,6219,2,12.747,25757,8,21.724,13465,5,0.474,1171,1,0.484,1001,1,1.212,2287,1,0.562,582,1,-0.893,28834,9,0.68,12059,4,0.16,14151,5,0.428,9761,3,1284,284,758,242,739.75
"E01006643","Liverpool 025E",54.316,1560,1,0.382,1128,1,0.266,1927,1,51.477,2911,1,1.88,631,1,0.843,4838,2,12.679,25849,8,27.449,9986,4,0.47,1246,1,0.428,1863,1,0.999,3724,2,0.484,2603,1,-0.478,23839,8,0.146,14719,5,0.318,11808,4,0.712,6426,2,1854,472,1105,277,1088
"E01006644","Liverpool 017D",47.797,2637,1,0.309,3024,1,0.268,1888,1,39.137,5557,2,2.114,300,1,0.461,9562,3,12.463,26106,8,23.358,12394,4,0.297,6789,3,0.477,1082,1,0.54,8279,3,0.455,3800,2,-0.469,23712,8,0.076,15087,5,0.32,11784,4,0.313,11306,4,2037,408,1268,361,1255.5
"E01006645","Liverpool 017E",67.87,375,1,0.497,113,1,0.372,237,1,71.113,690,1,2.126,290,1,0.249,12714,4,14.9,23167,8,14.674,18828,6,0.654,60,1,0.526,606,1,1.425,1295,1,0.544,895,1,-0.732,27193,9,1.004,10542,4,-0.448,22867,7,0.44,9583,3,1420,269,781,370,780.25
"E01006646","Liverpool 023C",63.659,636,1,0.407,684,1,0.306,937,1,47.663,3607,2,2.433,115,1,1.251,1699,1,19.427,17527,6,32.347,7621,3,0.602,143,1,0.563,387,1,1.078,3137,1,0.44,4491,2,-0.414,22897,7,1.558,8335,3,0.311,11934,4,1.132,3116,1,1914,271,1324,319,1332.75
"E01006647","Liverpool 024C",74.751,116,1,0.468,217,1,0.401,112,1,74.57,508,1,2.452,107,1,1.168,2173,1,26.052,9989,4,15.068,18479,6,0.523,528,1,0.528,588,1,1.076,3150,1,0.64,43,1,0.078,14504,5,1.845,7266,3,-1.582,31706,10,0.916,4569,2,1445,341,805,299,804
"E01006648","Liverpool 023D",50.54,2130,1,0.302,3277,1,0.231,3320,2,46.952,3761,2,2.397,124,1,0.977,3571,2,22.856,13346,5,25.924,10852,4,0.475,1155,1,0.541,498,1,1.049,3337,2,0.439,4527,2,0.028,15344,5,1.335,9190,3,-0.109,18107,6,1.117,3216,1,2191,275,1547,369,1545.5
"E01006651","Liverpool 001A",10.621,23465,8,0.068,24003,8,0.078,20526,7,8.68,23237,8,0.487,9526,3,-0.293,20962,7,11.065,27640,9,8.101,25707,8,0.071,25152,8,0.17,14480,5,-0.57,24821,8,0.263,20184,7,0.142,13376,5,-3.248,30212,10,-1.407,31141,10,0.235,12419,4,1642,374,1088,180,1082.25
"E01006652","Liverpool 002A",28.491,8916,3,0.166,10937,4,0.15,9067,3,27.641,9580,3,1.009,4338,2,0.114,14778,5,6.596,31356,10,46.858,2925,1,0.214,11433,4,0.212,10929,4,0.18,13374,5,0.4,6821,3,-0.523,24504,8,-1.694,24594,8,1.214,2674,1,0.561,8048,3,1533,307,933,293,921.25
"E01006653","Liverpool 001B",41.88,3947,2,0.291,3689,2,0.24,2873,1,35.067,6837,3,1.588,1345,1,0.484,9271,3,12.457,26116,8,24.599,11652,4,0.368,3935,2,0.348,3943,2,0.362,10656,4,0.444,4304,2,-0.174,18856,6,-0.644,19005,6,0.291,12231,4,0.496,8860,3,1512,310,874,328,882.5
"E01006654","Liverpool 005A",31.102,7707,3,0.187,9286,3,0.163,7839,3,21.028,13062,4,0.972,4622,2,0.756,5735,2,15.22,22764,7,43.709,3647,2,0.155,15769,5,0.306,5585,2,-0.449,23184,8,0.396,7103,3,0.031,15280,5,-0.53,18333,6,1.1,3399,2,0.569,7971,3,1505,277,897,331,897.5
"E01006655","Liverpool 001C",37.337,5347,2,0.234,6325,2,0.236,3051,1,23.078,11882,4,1.656,1143,1,-0.108,18191,6,10.706,28039,9,34.378,6812,3,0.243,9653,3,0.367,3316,2,-0.215,19709,7,0.398,6961,3,-0.137,18156,6,-1.392,23052,8,0.948,4569,2,-0.009,16214,5,1757,348,1069,340,1061
"E01006656","Liverpool 002B",33.881,6568,2,0.195,8711,3,0.177,6671,3,20.783,13222,5,0.867,5499,2,0.646,7046,3,6.998,31140,10,64.82,450,1,0.276,7901,3,0.216,10672,4,0.198,13117,4,0.328,12984,4,-0.613,25721,8,-1.314,22610,7,1.747,636,1,0.706,6480,2,1446,266,892,288,890.25
"E01006657","Liverpool 002C",41.398,4098,2,0.28,4138,2,0.22,3854,2,27.509,9644,3,1.203,3046,1,0.484,9265,3,7.39,30889,10,60.605,820,1,0.434,1957,1,0.301,5833,2,0.29,11709,4,0.384,7911,3,-1.05,30048,10,-0.586,18677,6,1.522,1228,1,0.923,4518,2,1221,232,752,237,748.5
"E01006658","Liverpool 001D",56.526,1282,1,0.363,1473,1,0.323,654,1,51.466,2912,1,2.007,435,1,0.537,8512,3,17.169,20309,7,20.063,14593,5,0.454,1523,1,0.444,1546,1,0.725,6229,2,0.52,1464,1,-0.045,16559,6,0.245,14216,5,-0.17,18961,6,0.681,6726,3,1327,248,779,300,777.75
"E01006659","Liverpool 005B",61.099,832,1,0.359,1572,1,0.34,457,1,44.519,4265,2,2.703,45,1,0.798,5252,2,27.24,8955,3,23.206,12488,4,0.396,2971,1,0.433,1762,1,0.304,11519,4,0.519,1501,1,0.365,9814,3,1.216,9688,3,0.164,14092,5,0.563,8038,3,1134,196,727,211,746.25
"E01006660","Liverpool 001E",43.601,3522,2,0.266,4749,2,0.243,2778,1,31.357,8055,3,1.707,1011,1,0.958,3744,2,13.653,24717,8,30.552,8409,3,0.226,10681,4,0.42,2024,1,0.185,13301,5,0.433,4847,2,-0.054,16702,6,-0.694,19287,6,0.346,11428,4,0.933,4442,2,1438,299,800,339,815.5
"E01006661","Liverpool 004A",54.868,1481,1,0.387,1011,1,0.31,844,1,55.426,2284,1,1.869,649,1,-0.108,18179,6,10.145,28659,9,20.766,14110,5,0.437,1899,1,0.482,1022,1,0.815,5341,2,0.534,1119,1,-1.071,30192,10,0.18,14535,5,0.158,14175,5,0.33,11080,4,1682,313,956,413,950.5
"E01006662","Liverpool 004B",62.941,689,1,0.422,528,1,0.324,647,1,39.455,5477,2,2.784,31,1,1.122,2453,1,16.023,21755,7,23.618,12245,4,0.408,2617,1,0.589,281,1,0.439,9566,3,0.47,3155,1,-0.064,16885,6,0.008,15446,5,0.185,13761,5,0.569,7974,3,1772,370,877,525,902.5
"E01006663","Liverpool 004C",41.646,4015,2,0.285,3931,2,0.227,3510,2,35.89,6549,2,1.784,819,1,0.358,11000,4,20.002,16800,6,16.472,17275,6,0.324,5634,2,0.473,1113,1,0.577,7852,3,0.422,5469,2,0.441,8732,3,-0.969,20797,7,-0.149,18677,6,0.31,11344,4,1148,254,714,180,701.75
"E01006664","Liverpool 004D",60.554,884,1,0.408,664,1,0.328,583,1,47.278,3678,2,1.792,802,1,0.669,6768,3,17.408,20030,7,38.175,5313,2,0.466,1326,1,0.382,2887,1,0.657,6952,3,0.502,2029,1,-0.054,16722,6,0.329,13778,5,0.893,5004,2,0.553,8155,3,1783,394,1021,368,1044.25
"E01006665","Liverpool 007A",18.577,15404,5,0.092,19499,6,0.122,12309,4,14.76,17639,6,0.523,9141,3,-0.574,24840,8,32.113,5476,2,12.04,21380,7,0.105,20639,7,0.139,17577,6,-0.521,24165,8,0.337,12044,4,1.27,2176,1,-1.906,25609,8,-0.741,26334,9,0.387,10266,4,1560,336,1023,201,1015.75
"E01006666","Liverpool 007B",13.428,20241,7,0.066,24438,8,0.091,17493,6,8.8,23091,8,0.509,9296,3,-1.388,31649,10,29.524,7145,3,8.759,24962,8,0.053,27983,9,0.158,15546,5,-0.975,29125,9,0.291,16999,6,1.25,2256,1,-3.765,31212,10,-1.593,31745,10,0.341,10925,4,1480,318,987,175,950.25
"E01006667","Liverpool 007C",34.071,6500,2,0.241,5927,2,0.216,4105,2,27.755,9527,3,1.185,3154,1,0.217,13194,5,19.761,17121,6,15.438,18156,6,0.285,7396,3,0.27,7297,3,0.211,12914,4,0.397,6997,3,0.534,7561,3,-1.657,24424,8,-0.24,20022,7,0.311,11330,4,1461,261,846,354,864.25
"E01006668","Liverpool 007D",13.427,20243,7,0.092,19458,6,0.092,17255,6,10.619,21276,7,0.641,7778,3,-1.869,32619,10,17.457,19963,7,10.572,22921,7,0.103,20998,7,0.206,11385,4,-0.521,24159,8,0.287,17454,6,0.541,7471,3,-3.285,30284,10,-1.209,30143,10,0.447,9497,3,1555,365,1029,161,993.25
"E01006669","Liverpool 004E",19.204,14869,5,0.135,13958,5,0.122,12247,4,16.523,16232,5,0.627,7931,3,-0.177,19254,6,19.655,17250,6,12.572,20821,7,0.167,14791,5,0.23,9684,3,-0.292,20849,7,0.338,11938,4,0.589,6911,3,-2.18,26876,9,-0.593,24653,8,0.34,10932,4,1498,323,988,187,983.5
"E01006670","Liverpool 007E",20.159,14103,5,0.146,12809,4,0.132,11057,4,12.631,19425,6,1.013,4306,2,-0.257,20457,7,12.723,25786,8,10.228,23313,8,0.163,15100,5,0.195,12314,4,-0.458,23320,8,0.308,15115,5,0.128,13638,5,-1.904,25604,8,-0.642,25204,8,0.109,14339,5,1534,312,974,248,959.25
"E01006671","Liverpool 013D",28.688,8831,3,0.216,7333,3,0.164,7721,3,26.819,9978,4,1.089,3783,2,0.363,10933,4,17.361,20095,7,8.119,25687,8,0.24,9821,3,0.347,3975,2,-0.057,17164,6,0.418,5681,2,0.328,10344,4,-1.251,22281,7,-0.981,28570,9,0.082,14764,5,1374,252,868,254,855.5
"E01006672","Liverpool 010E",54.226,1571,1,0.394,870,1,0.266,1935,1,52.211,2784,1,1.711,995,1,0.726,6109,2,21.412,15060,5,19.095,15301,5,0.487,978,1,0.473,1122,1,0.862,4897,2,0.509,1789,1,0.233,11837,4,0.365,13595,5,-0.068,17492,6,0.478,9075,3,1958,490,1144,324,1110.5
"E01006673","Liverpool 037D",62.858,695,1,0.427,490,1,0.294,1165,1,48.871,3385,2,2.066,347,1,1.181,2096,1,23.3,12840,4,29.229,9042,3,0.489,944,1,0.738,35,1,1.222,2227,1,0.421,5518,2,-0.347,21805,7,2.181,6136,2,0.212,13376,5,1.019,3841,2,2004,453,1300,251,1281.5
"E01006674","Liverpool 039C",71.996,199,1,0.514,74,1,0.373,231,1,48.912,3376,2,2.163,257,1,1.073,2815,1,31.352,5945,2,29.58,8880,3,0.528,495,1,0.701,62,1,0.654,6981,3,0.512,1695,1,0.061,14764,5,2.835,4341,2,0.194,13616,5,1.07,3512,2,1910,544,1087,279,1076.75
"E01006675","Liverpool 043C",58.568,1059,1,0.338,2077,1,0.286,1344,1,20.849,13173,5,2.552,76,1,1.199,1968,1,19.115,17941,6,62.339,648,1,0.541,393,1,0.485,991,1,0.486,8956,3,0.275,18820,6,-0.381,22382,7,1.442,8779,3,1.63,894,1,0.784,5760,2,1888,130,1463,295,1495.75
"E01006676","Liverpool 044D",68.799,330,1,0.498,111,1,0.358,326,1,57.191,2044,1,2.2,231,1,0.781,5453,2,17.438,19992,7,31.155,8164,3,0.499,793,1,0.581,312,1,1.027,3518,2,0.519,1512,1,-0.924,29099,9,1.695,7801,3,0.568,8528,3,0.615,7462,3,1804,476,1081,247,1055.75
"E01006677","Liverpool 043D",74.008,143,1,0.519,67,1,0.385,175,1,72.567,609,1,2.451,109,1,0.983,3517,2,17.877,19457,6,25.512,11077,4,0.511,654,1,0.671,99,1,1.452,1184,1,0.548,818,1,-1.033,29939,10,1.842,7274,3,0.158,14191,5,0.784,5754,2,1029,277,599,153,598.75
"E01006678","Liverpool 044E",59.92,935,1,0.409,657,1,0.337,480,1,40.601,5188,2,2.222,220,1,0.711,6283,2,14.954,23102,8,19.803,14807,5,0.437,1897,1,0.549,446,1,0.692,6565,2,0.446,4207,2,-1.317,31540,10,1.38,9006,3,-0.288,20666,7,0.775,5825,2,2182,361,1399,422,1384.25
"E01006679","Liverpool 039D",71.645,210,1,0.518,68,1,0.375,222,1,60.01,1689,1,2.172,253,1,0.792,5321,2,29.238,7364,3,23.555,12283,4,0.496,835,1,0.71,53,1,1.208,2311,1,0.51,1759,1,-0.88,28728,9,3.742,2558,1,-0.496,23472,8,1.238,2557,1,2245,652,1284,309,1252.5
"E01006680","Liverpool 053B",10.087,24098,8,0.07,23479,8,0.085,18750,6,6.774,25325,8,-0.022,16443,6,-0.609,25295,8,4.5,32276,10,23.312,12426,4,0.05,28502,9,0.114,20606,7,-0.537,24395,8,0.227,24317,8,-0.487,23976,8,-3.264,30246,10,0.23,13119,4,0.471,9165,3,1564,260,882,422,903.75
"E01006681","Liverpool 054D",25.345,10676,4,0.169,10674,4,0.182,6228,2,14.059,18163,6,1.072,3889,2,-0.401,22555,7,8.403,30227,10,25.091,11331,4,0.183,13548,5,0.187,12965,4,-0.455,23265,8,0.324,13331,5,-0.446,23372,8,-1.189,21972,7,0.31,11939,4,0.509,8699,3,1582,229,945,408,957.5
"E01006682","Liverpool 053C",6.127,29037,9,0.033,31189,10,0.06,25088,8,2.915,29903,10,0.006,16046,5,-1.288,31256,10,3.162,32612,10,22.059,13263,5,0.019,32283,10,0.081,25845,8,-1.388,31542,10,0.207,26448,9,-0.616,25769,8,-4.066,31672,10,0.177,13887,5,0.434,9689,3,1290,243,689,358,696.75
"E01006683","Liverpool 053D",9.393,24971,8,0.059,25784,8,0.083,19209,6,4.267,28239,9,0.164,13727,5,-0.871,28217,9,4.7,32212,10,22.557,12930,4,0.037,30441,10,0.098,23048,8,-1.365,31437,10,0.234,23544,8,-0.463,23605,8,-3.234,30184,10,0.162,14124,5,0.505,8746,3,1521,254,883,384,888.25
"E01006684","Liverpool 056B",10.373,23751,8,0.06,25647,8,0.073,21718,7,3.769,28862,9,0.147,13970,5,-0.428,22935,7,16.775,20792,7,25.694,10978,4,0.062,26552,9,0.094,23665,8,-0.63,25629,8,0.159,30186,10,0.485,8145,3,-2.992,29598,10,0.463,9843,3,0.279,11802,4,2187,366,1313,508,1348.25
"E01006685","Liverpool 056C",13.73,19898,7,0.087,20445,7,0.097,16332,5,4.205,28323,9,0.48,9619,3,-0.474,23549,8,4.941,32145,10,30.702,8347,3,0.118,19126,6,0.093,23841,8,-0.943,28852,9,0.214,25803,8,-0.493,24069,8,-2.782,28979,9,0.505,9303,3,0.687,6662,3,1498,222,826,450,851.5
"E01006686","Liverpool 053E",13.513,20142,7,0.084,20944,7,0.097,16306,5,9.3,22566,7,0.566,8629,3,-0.853,28051,9,5.1,32093,10,23.916,12052,4,0.081,23786,8,0.134,18093,6,-0.414,22678,7,0.257,20913,7,-0.466,23662,8,-2.813,29067,9,0.228,13147,5,0.533,8401,3,1407,231,804,372,801.25
"E01006687","Liverpool 056D",20.417,13901,5,0.139,13531,5,0.131,11116,4,6.277,25895,8,0.861,5565,2,0.071,15455,5,21.504,14965,5,14.617,18874,6,0.111,19986,7,0.222,10232,4,-0.378,22146,7,0.19,27984,9,0.64,6365,2,-1.715,24689,8,-0.278,20522,7,0.261,12041,4,2056,309,1238,509,1305.75
"E01006688","Liverpool 056E",21.398,13167,5,0.138,13606,5,0.142,9852,3,10.17,21691,7,0.767,6426,2,-0.527,24234,8,8.039,30456,10,39.128,4994,2,0.132,17812,6,0.201,11793,4,-0.251,20234,7,0.25,21699,7,-0.392,22544,7,-1.484,23527,8,0.927,4713,2,0.563,8033,3,1547,259,924,364,946
"E01006689","Liverpool 049D",11.96,21851,7,0.086,20584,7,0.087,18264,6,2.344,30554,10,0.224,12890,4,-0.706,26478,9,12.708,25805,8,28.198,9575,3,0.089,22690,7,0.189,12790,4,-1.386,31531,10,0.192,27825,9,0.176,12822,4,-2.27,27242,9,0.506,9288,3,0.452,9431,3,1641,288,997,356,991.5
"E01006690","Liverpool 028A",60.151,920,1,0.352,1716,1,0.312,823,1,52.625,2714,1,1.63,1213,1,1.025,3163,1,14.848,23247,8,59.426,934,1,0.409,2570,1,0.415,2127,1,1.235,2151,1,0.451,3988,2,-0.761,27492,9,1.018,10474,4,1.456,1470,1,1.004,3964,2,1499,200,1069,230,1077.75
"E01006691","Liverpool 030A",69.582,282,1,0.442,374,1,0.314,781,1,55.734,2238,1,1.973,488,1,1.163,2197,1,13.972,24339,8,66.921,320,1,0.488,962,1,0.395,2533,1,1.259,2031,1,0.471,3106,1,-1.838,32635,10,1.256,9507,3,1.63,895,1,1.159,2970,1,1495,366,930,199,926.25
"E01006692","Liverpool 028B",57.995,1118,1,0.378,1181,1,0.302,1021,1,41.995,4816,2,1.876,636,1,0.42,10128,4,16.735,20843,7,55.902,1340,1,0.464,1362,1,0.404,2361,1,0.898,4588,2,0.424,5296,2,-0.193,19211,6,0.541,12725,4,1.467,1432,1,0.673,6814,3,2267,469,1420,378,1400.25
"E01006693","Liverpool 024D",68.732,333,1,0.392,907,1,0.369,253,1,48.175,3514,2,2.602,61,1,1.445,883,1,16.719,20862,7,43.035,3838,2,0.386,3316,2,0.45,1471,1,0.243,12418,4,0.545,877,1,-0.53,24595,8,1.162,9909,4,0.943,4607,2,0.881,4871,2,1552,171,842,539,889.75
"E01006694","Liverpool 030B",60.229,913,1,0.391,930,1,0.274,1685,1,46.911,3767,2,1.567,1404,1,1.043,3034,1,14.374,23824,8,70.379,204,1,0.495,846,1,0.359,3601,2,0.944,4181,2,0.459,3634,2,-1.312,31523,10,1.257,9499,3,2.007,277,1,0.64,7182,3,1883,383,1252,248,1251.75
"E01006695","Liverpool 028C",74.087,141,1,0.454,284,1,0.427,67,1,33.984,7170,3,2.726,42,1,1.527,687,1,18.275,18964,6,55.529,1386,1,0.441,1823,1,0.449,1479,1,0.539,8291,3,0.41,6182,2,-0.594,25470,8,1.565,8296,3,1.438,1531,1,0.712,6427,2,1797,265,1331,201,1343.75
"E01006696","Liverpool 030C",56.236,1311,1,0.348,1821,1,0.273,1718,1,43.426,4489,2,1.966,499,1,1.17,2170,1,12.845,25638,8,48.033,2653,1,0.34,4945,2,0.417,2089,1,0.62,7372,3,0.479,2822,1,-0.845,28370,9,0.659,12153,4,1.144,3112,1,0.848,5156,2,1831,394,1124,313,1165.75
"E01006697","Liverpool 030D",63.188,673,1,0.386,1027,1,0.279,1561,1,50.051,3158,1,1.688,1048,1,1.418,975,1,13.73,24611,8,70.121,209,1,0.37,3863,2,0.392,2647,1,1.118,2860,1,0.452,3905,2,-1.195,30947,10,1.072,10264,4,1.806,523,1,1.012,3901,2,1819,387,1157,275,1158.75
"E01006698","Liverpool 012D",49.944,2229,1,0.31,2963,1,0.232,3247,1,32.537,7645,3,1.602,1299,1,1.111,2519,1,7.537,30798,10,65.274,427,1,0.461,1410,1,0.296,6035,2,-0.081,17576,6,0.469,3202,1,-1.264,31317,10,-0.409,17680,6,1.552,1141,1,1.235,2568,1,1714,385,1034,295,1016.5
"E01006699","Liverpool 014A",71.175,224,1,0.437,411,1,0.39,143,1,60.662,1612,1,2.879,23,1,1.237,1758,1,13.68,24676,8,29.133,9092,3,0.538,413,1,0.421,2017,1,0.58,7814,3,0.593,258,1,-0.818,28113,9,0.827,11377,4,0.243,12934,4,0.967,4186,2,1641,326,1000,315,1016.75
"E01006700","Liverpool 012E",69.459,292,1,0.383,1090,1,0.324,642,1,44.505,4268,2,2.271,185,1,1.846,207,1,11.447,27204,9,69.151,235,1,0.435,1929,1,0.473,1114,1,0.323,11256,4,0.517,1547,1,-0.813,28066,9,0.297,13930,5,1.538,1177,1,1.579,1298,1,1455,275,871,309,870.5
"E01006701","Liverpool 014B",57.095,1215,1,0.306,3126,1,0.292,1217,1,37.204,6142,2,2.072,338,1,1.698,379,1,13.085,25370,8,45.489,3220,1,0.418,2332,1,0.32,4996,2,0.143,13983,5,0.485,2594,1,-0.491,24025,8,0.27,14082,5,0.753,6442,2,1.464,1638,1,1394,210,868,316,883
"E01006702","Liverpool 014C",67.568,391,1,0.456,274,1,0.363,293,1,62.738,1367,1,2.004,441,1,0.791,5337,2,12.824,25662,8,33.308,7222,3,0.609,122,1,0.434,1736,1,1.016,3599,2,0.552,745,1,-0.908,28965,9,0.708,11920,4,0.52,9114,3,0.887,4820,2,1620,363,929,328,947
"E01006703","Liverpool 014D",74.826,111,1,0.457,265,1,0.415,85,1,61.061,1563,1,2.612,58,1,1.517,713,1,15.6,22305,7,35.016,6549,2,0.578,218,1,0.457,1357,1,0.732,6154,2,0.576,402,1,-0.454,23478,8,0.8,11498,4,0.147,14360,5,1.571,1320,1,1628,246,957,425,988.5
"E01006705","Liverpool 009E",64.192,591,1,0.38,1152,1,0.302,1011,1,27.753,9529,3,2.116,295,1,1.627,486,1,10.211,28592,9,71.249,176,1,0.552,333,1,0.279,6840,3,-0.195,19403,6,0.438,4568,2,-1.223,31105,10,0.281,14019,5,1.629,898,1,1.505,1495,1,1421,254,950,217,938
"E01006706","Liverpool 045A",67.634,387,1,0.44,385,1,0.358,321,1,78.66,342,1,2.065,351,1,-0.177,19253,6,31.456,5871,2,10.881,22589,7,0.552,333,1,0.438,1664,1,1.435,1255,1,0.591,274,1,0.587,6934,3,1.298,9325,3,-0.691,25752,8,0.225,12571,4,1337,254,751,332,730.25
"E01006707","Liverpool 045B",61.938,765,1,0.417,576,1,0.353,357,1,65.732,1092,1,2.129,286,1,-0.064,17529,6,16.135,21609,7,10.467,23050,8,0.453,1545,1,0.468,1188,1,1.099,3003,1,0.559,633,1,-0.46,23562,8,0.925,10916,4,-0.905,27944,9,0.317,11255,4,1297,242,687,368,687
"E01006708","Liverpool 045C",43.74,3479,2,0.284,3970,2,0.232,3269,1,45.967,3959,2,1.887,620,1,0.484,9256,3,18.654,18493,6,13.306,20121,7,0.286,7353,3,0.415,2136,1,1.162,2577,1,0.407,6335,2,0.196,12487,4,-0.189,16499,6,-0.531,23942,8,0.371,10506,4,1848,386,1058,404,1047.5
"E01006709","Liverpool 040A",44.226,3358,2,0.313,2862,1,0.259,2169,1,48.164,3518,2,1.623,1232,1,-0.198,19576,6,13.452,24937,8,17.674,16352,5,0.401,2795,1,0.386,2789,1,1.063,3233,1,0.447,4158,2,-0.401,22672,7,0.195,14450,5,-0.137,18499,6,0.423,9825,3,1429,224,869,336,876.25
"E01006710","Liverpool 045D",38.787,4867,2,0.246,5680,2,0.204,4778,2,38.447,5784,2,1.199,3062,1,-0.849,27999,9,34.27,4348,2,37.862,5421,2,0.37,3839,2,0.224,10071,4,0.663,6902,3,0.432,4905,2,1.092,2916,1,-0.17,16381,5,1.01,4102,2,0.235,12426,4,1506,308,877,321,867.75
"E01006711","Liverpool 027A",54.059,1591,1,0.289,3761,2,0.285,1389,1,29.88,8634,3,1.993,455,1,0.885,4439,2,9.27,29488,9,71.868,153,1,0.276,7895,3,0.409,2248,1,0.435,9616,3,0.386,7771,3,-1.241,31208,10,0.054,15200,5,1.933,351,1,0.899,4706,2,1494,302,939,253,938.75
"E01006712","Liverpool 029D",37.237,5366,2,0.231,6483,2,0.181,6321,2,23.461,11657,4,1.283,2609,1,0.446,9767,3,5.419,31959,10,64.307,486,1,0.324,5623,2,0.295,6118,2,0.046,15485,5,0.375,8616,3,-1.022,29860,10,-1.273,22389,7,1.708,724,1,0.768,5874,2,1355,294,788,273,795.25
"E01006713","Liverpool 029E",38.021,5123,2,0.223,6888,3,0.192,5558,2,26.015,10360,4,1.083,3825,2,0.533,8572,3,5.299,32016,10,71.25,175,1,0.274,8037,3,0.24,9006,3,0.187,13265,5,0.383,7989,3,-0.915,29024,9,-1.437,23283,8,1.822,493,1,1.063,3555,2,1381,283,807,291,808.5
"E01006716","Liverpool 032E",48.857,2445,1,0.292,3663,2,0.24,2862,1,39.157,5552,2,2.011,429,1,0.899,4290,2,14.741,23388,8,43.506,3704,2,0.299,6716,3,0.387,2746,1,0.599,7584,3,0.447,4159,2,-0.263,20357,7,0.215,14353,5,0.961,4465,2,0.884,4848,2,1580,319,970,291,971
"E01006717","Liverpool 027D",31.074,7722,3,0.177,10029,4,0.172,7034,3,14.551,17785,6,0.926,4993,2,1.26,1640,1,7.225,30992,10,38.369,5250,2,0.218,11190,4,0.207,11314,4,-0.452,23238,8,0.33,12770,4,-0.37,22188,7,-1.923,25688,8,0.836,5558,2,0.708,6463,2,1426,269,876,281,870.25
"E01006718","Liverpool 027E",35.843,5828,2,0.228,6598,3,0.191,5630,2,20.1,13688,5,1.016,4277,2,0.594,7761,3,8.167,30370,10,60.895,784,1,0.27,8201,3,0.27,7318,3,-0.083,17616,6,0.356,10256,4,-0.646,26154,8,-0.834,20043,7,1.628,899,1,0.656,6986,3,1588,305,947,336,950.25
"E01006719","Liverpool 027F",29.284,8572,3,0.196,8632,3,0.145,9558,3,18.56,14769,5,0.798,6129,2,0.523,8711,3,5.222,32043,10,54.312,1553,1,0.286,7322,3,0.251,8324,3,-0.207,19589,6,0.352,10583,4,-1.334,31595,10,-1.104,21526,7,1.384,1786,1,0.77,5863,2,1505,312,903,290,903.5
"E01006720","Liverpool 035A",61.326,807,1,0.382,1118,1,0.25,2495,1,63.317,1313,1,2.104,306,1,1.011,3280,1,14.152,24109,8,57.658,1146,1,0.495,840,1,0.454,1392,1,1.767,409,1,0.431,4936,2,-1.523,32177,10,1.259,9490,3,1.349,1945,1,1.133,3111,1,1990,421,1410,159,1384.5
"E01006721","Liverpool 038C",58.492,1071,1,0.383,1099,1,0.281,1493,1,58.343,1890,1,1.908,584,1,0.554,8289,3,15.454,22466,7,47.587,2755,1,0.571,240,1,0.448,1494,1,1.814,345,1,0.376,8523,3,-0.796,27876,9,1.194,9774,3,1.142,3130,1,0.817,5431,2,1699,291,1173,235,1153.75
"E01006722","Liverpool 038D",31.175,7674,3,0.174,10272,4,0.098,16183,5,38.888,5642,2,1.281,2630,1,0.514,8843,3,14.687,23455,8,51.359,2026,1,0.394,3020,1,0.36,3546,2,1.21,2292,1,0.324,13401,5,-1.906,32687,10,1.411,8893,3,1.325,2087,1,0.68,6739,3,1846,213,1500,133,1488.5
"E01006723","Liverpool 038E",37.575,5271,2,0.204,8112,3,0.144,9619,3,33.261,7415,3,1.584,1354,1,0.465,9509,3,12.866,25616,8,64.18,497,1,0.492,887,1,0.351,3830,2,1.086,3092,1,0.291,17005,6,-2.105,32787,10,1.021,10460,4,1.716,704,1,0.734,6207,2,1894,192,1474,228,1460.25
"E01006724","Liverpool 038F",16.505,17199,6,0.088,20261,7,0.058,25533,8,12.132,19901,7,0.519,9198,3,0.371,10807,4,13.959,24354,8,43.262,3766,2,0.25,9252,3,0.161,15292,5,-0.073,17427,6,0.255,21161,7,-0.929,29144,9,0.967,10692,4,1.072,3598,2,0.6,7617,3,1753,130,1445,178,1464.75
"E01006725","Liverpool 035B",41.576,4038,2,0.284,3986,2,0.221,3815,2,36.946,6218,2,1.635,1198,1,-0.025,16950,6,12.568,25981,8,41.726,4213,2,0.337,5064,2,0.367,3318,2,1.008,3662,2,0.353,10462,4,-0.427,23084,8,0.027,15357,5,0.959,4478,2,0.735,6192,2,1541,276,974,291,971.5
"E01006726","Liverpool 035C",40.186,4456,2,0.275,4325,2,0.181,6336,2,40.967,5085,2,1.191,3118,1,0.853,4724,2,11.198,27510,9,47.334,2816,1,0.515,610,1,0.327,4727,2,1.137,2734,1,0.364,9501,3,-0.986,29604,10,0.386,13494,5,1.225,2609,1,0.577,7883,3,1638,263,1191,184,1179.25
"E01006727","Liverpool 035D",34.773,6236,2,0.195,8674,3,0.173,6942,3,23.129,11848,4,0.807,6048,2,0.53,8616,3,15.017,23038,8,71.133,180,1,0.291,7124,3,0.227,9898,4,0.395,10193,4,0.323,13519,5,-0.082,17206,6,-0.205,16581,6,1.908,377,1,0.882,4864,2,1453,242,964,247,978.25
"E01006728","Liverpool 035E",60.222,914,1,0.379,1172,1,0.269,1840,1,56.153,2165,1,2.218,221,1,0.468,9473,3,13.932,24381,8,61.975,685,1,0.479,1098,1,0.457,1348,1,1.329,1704,1,0.462,3502,2,-1.004,29735,10,1.012,10500,4,1.696,742,1,0.579,7854,3,1646,306,1099,241,1111.75
"E01006729","Liverpool 008C",53.95,1611,1,0.381,1138,1,0.281,1488,1,54.529,2421,1,1.744,899,1,0.609,7552,3,13.184,25254,8,24.255,11856,4,0.463,1380,1,0.461,1291,1,0.889,4664,2,0.52,1467,1,-0.719,27000,9,0.605,12397,4,0.147,14358,5,0.684,6692,3,1359,360,762,237,753.25
"E01006730","Liverpool 011C",56.061,1336,1,0.361,1521,1,0.318,722,1,55.571,2264,1,1.867,653,1,0.363,10931,4,12.529,26027,8,29.733,8808,3,0.347,4694,2,0.437,1673,1,0.745,6037,2,0.542,935,1,-0.661,26329,9,0.387,13490,5,0.355,11299,4,0.854,5111,2,1333,283,777,273,762.25
"E01006731","Liverpool 011D",54.228,1570,1,0.347,1830,1,0.313,798,1,49.775,3210,1,2.014,426,1,0.42,10129,4,11.393,27270,9,24.392,11772,4,0.36,4215,2,0.434,1738,1,0.795,5543,2,0.502,2016,1,-0.635,26016,8,0.071,15116,5,0.255,12775,4,0.538,8344,3,1185,267,689,229,688.5
"E01006732","Liverpool 011E",62.913,690,1,0.482,156,1,0.329,566,1,55.73,2240,1,1.791,806,1,0.421,10126,4,19.737,17146,6,22.64,12865,4,0.605,133,1,0.417,2080,1,0.814,5343,2,0.535,1078,1,-0.213,19538,6,1.249,9537,3,-0.28,20548,7,1.007,3939,2,1683,478,933,272,902.25
"E01006734","Liverpool 005C",62.969,684,1,0.444,359,1,0.332,535,1,48.265,3497,2,2.134,285,1,0.926,4057,2,15.925,21885,7,18.831,15512,5,0.565,265,1,0.498,841,1,0.913,4435,2,0.475,2994,1,-0.514,24354,8,0.955,10756,4,0.018,16270,5,0.343,10900,4,1405,344,816,245,811
"E01006735","Liverpool 005D",61.289,808,1,0.424,506,1,0.327,587,1,51.445,2914,1,1.944,534,1,0.779,5475,2,16.237,21483,7,23.244,12460,4,0.521,554,1,0.513,727,1,0.427,9745,3,0.548,812,1,-0.112,17756,6,0.202,14407,5,0.107,14964,5,0.649,7069,3,1275,262,754,259,762
"E01006736","Liverpool 005E",47.699,2651,1,0.353,1698,1,0.258,2200,1,45.908,3970,2,1.533,1514,1,0.388,10560,4,15.68,22196,7,23.341,12406,4,0.505,716,1,0.425,1920,1,0.402,10105,4,0.519,1511,1,0.004,15735,5,-0.296,17090,6,0.239,12997,4,0.462,9303,3,1481,290,924,267,910.75
"E01006737","Liverpool 005F",48.435,2524,1,0.318,2705,1,0.272,1760,1,47.2,3699,2,1.917,569,1,0.269,12389,4,16.987,20539,7,20.396,14370,5,0.363,4120,2,0.452,1437,1,0.591,7685,3,0.508,1822,1,-0.034,16331,5,0.159,14651,5,0.04,15965,5,0.472,9155,3,1432,273,875,284,863.25
"E01006738","Liverpool 058A",49.113,2391,1,0.331,2307,1,0.264,1984,1,53.736,2532,1,1.504,1628,1,0.167,13921,5,15.616,22281,7,38.78,5103,2,0.451,1589,1,0.374,3128,1,0.615,7432,3,0.545,887,1,-0.278,20623,7,0.47,13097,4,1.007,4116,2,0.343,10905,4,1496,305,881,310,878
"E01006739","Liverpool 058B",57.684,1142,1,0.44,382,1,0.331,548,1,61.31,1532,1,1.462,1787,1,-0.174,19198,6,13.298,25112,8,16.103,17585,6,0.588,179,1,0.431,1789,1,1.022,3546,2,0.543,918,1,-1.207,31018,10,0.978,10648,4,0.042,15940,5,-0.02,16401,5,1731,400,1017,314,1003.75
"E01006740","Liverpool 057A",55.372,1418,1,0.359,1571,1,0.283,1438,1,60.96,1573,1,1.824,738,1,0.713,6253,2,18.028,19294,6,25.213,11265,4,0.454,1536,1,0.45,1456,1,0.953,4110,2,0.55,787,1,-0.259,20289,7,0.962,10715,4,0.261,12698,4,0.607,7546,3,1357,277,824,256,829
"E01006741","Liverpool 058C",51.63,1941,1,0.325,2492,1,0.287,1330,1,60.351,1651,1,1.693,1038,1,0.356,11025,4,10.402,28365,9,31.516,7999,3,0.378,3547,2,0.389,2700,1,0.914,4433,2,0.551,768,1,-1.057,30101,10,0.237,14248,5,0.507,9276,3,0.756,5983,2,1841,354,1141,346,1118.75
"E01006742","Liverpool 057B",35.607,5914,2,0.233,6332,2,0.199,5121,2,27.428,9693,3,1.31,2464,1,0.302,11884,4,10.298,28497,9,43.008,3849,2,0.261,8644,3,0.34,4210,2,0.361,10685,4,0.374,8744,3,-0.312,21213,7,-0.909,20464,7,1.067,3646,2,0.593,7693,3,1411,262,858,291,872.75
"E01006743","Liverpool 058D",31.889,7364,3,0.22,7110,3,0.166,7528,3,31.255,8089,3,1.474,1739,1,-0.44,23085,8,12.947,25524,8,30.41,8480,3,0.308,6275,2,0.317,5144,2,0.432,9656,3,0.4,6818,3,-0.43,23131,8,0.125,14815,5,0.556,8674,3,0.568,7990,3,2159,449,1403,307,1401
"E01006744","Liverpool 057C",35.893,5810,2,0.24,6010,2,0.191,5623,2,27.029,9880,4,1.106,3661,2,0.429,10010,4,11.647,26984,9,51.049,2075,1,0.306,6363,2,0.319,5061,2,0.556,8069,3,0.337,11991,4,-0.391,22521,7,-0.296,17092,6,1.419,1615,1,0.344,10879,4,1525,282,979,264,990.5
"E01006745","Liverpool 057D",40.174,4459,2,0.252,5361,2,0.224,3639,2,26.26,10242,4,1.303,2509,1,0.35,11127,4,13.633,24740,8,56.249,1301,1,0.342,4876,2,0.29,6345,2,0.411,9955,4,0.353,10438,4,-0.864,28571,9,0.854,11238,4,1.502,1296,1,0.599,7628,3,1885,357,1247,281,1250.75
"E01006746","Liverpool 030E",51.991,1880,1,0.34,2012,1,0.237,3007,1,43.769,4418,2,1.842,699,1,1.222,1830,1,19.079,17982,6,33.983,6969,3,0.518,575,1,0.515,699,1,0.533,8378,3,0.491,2366,1,-0.353,21905,7,1.38,9005,3,0.587,8294,3,0.829,5324,2,1524,190,1010,324,1013.25
"E01006747","Liverpool 031B",30.505,7986,3,0.098,18570,6,0.061,24914,8,40.477,5224,2,1.774,837,1,-0.051,17351,6,23.256,12899,4,61.814,695,1,0.257,8860,3,0.533,547,1,1.24,2127,1,0.333,12394,4,-1.103,30433,10,2.842,4319,2,1.461,1454,1,1.183,2843,1,3812,181,3429,202,3444.75
"E01006748","Liverpool 031C",34.986,6157,2,0.192,8938,3,0.127,11563,4,44.89,4183,2,1.512,1588,1,-0.433,22986,7,18.768,18329,6,56.299,1297,1,0.425,2156,1,0.427,1885,1,1.196,2396,1,0.39,7475,3,-0.265,20393,7,1.15,9968,4,1.486,1360,1,0.654,7013,3,1981,169,1600,212,1611
"E01006751","Liverpool 031F",44.318,3345,2,0.291,3708,2,0.168,7397,3,50.861,3012,1,2.037,386,1,0.17,13890,5,27.901,8427,3,30.638,8376,3,0.475,1150,1,0.622,197,1,1.127,2798,1,0.458,3688,2,-0.017,16070,5,2.402,5501,2,0.461,9876,4,0.759,5948,2,2667,382,1923,362,1876.75
"E01006752","Liverpool 035F",55.074,1455,1,0.3,3327,2,0.28,1521,1,42.78,4637,2,1.706,1013,1,1.719,348,1,16.278,21433,7,44.362,3476,2,0.349,4589,2,0.37,3227,1,0.855,4970,2,0.439,4540,2,-0.687,26637,9,1.257,9503,3,0.765,6314,2,1.347,2057,1,1005,172,666,167,668.5
"E01006753","Liverpool 059A",60.139,924,1,0.404,727,1,0.303,990,1,68.873,846,1,1.647,1167,1,0.764,5637,2,16.368,21313,7,25.99,10811,4,0.542,388,1,0.469,1175,1,1.156,2622,1,0.569,480,1,-0.451,23435,8,0.957,10748,4,-0.138,18507,6,1.146,3034,1,1564,364,918,282,911.75
"E01006754","Liverpool 059B",55.529,1401,1,0.353,1705,1,0.283,1434,1,66.669,1018,1,1.923,557,1,0.299,11921,4,19.313,17680,6,25.974,10823,4,0.398,2889,1,0.524,622,1,1.275,1952,1,0.539,982,1,-0.189,19134,6,1.105,10125,4,-0.056,17308,6,1.069,3526,2,1613,316,954,343,976.75
"E01006755","Liverpool 059C",66.652,443,1,0.424,508,1,0.308,905,1,86.661,119,1,2.369,139,1,0.727,6105,2,15.775,22080,7,21.408,13686,5,0.495,843,1,0.534,541,1,1.899,229,1,0.57,468,1,-0.787,27779,9,1.251,9527,3,-0.583,24535,8,1.12,3193,1,1636,407,956,273,948.25
"E01006756","Liverpool 059D",56.071,1334,1,0.387,1013,1,0.299,1082,1,61.008,1570,1,1.683,1055,1,0.517,8784,3,17.351,20103,7,19.73,14864,5,0.434,1972,1,0.448,1504,1,1.174,2498,1,0.521,1449,1,-0.415,22915,7,1.124,10061,4,-0.454,22930,7,0.898,4720,2,1853,470,1103,280,1092.25
"E01006757","Liverpool 059E",55.676,1384,1,0.412,626,1,0.285,1385,1,55.475,2278,1,1.823,742,1,0.354,11070,4,15.732,22124,7,17.829,16245,5,0.477,1121,1,0.511,741,1,1.117,2870,1,0.494,2267,1,-0.242,20025,7,0.415,13353,5,-0.495,23456,8,0.768,5882,2,1550,439,857,254,851.25
"E01006758","Liverpool 059F",58.882,1029,1,0.402,741,1,0.289,1284,1,67.899,927,1,1.732,928,1,0.439,9855,4,15.38,22557,7,32.355,7619,3,0.487,982,1,0.422,1986,1,1.361,1561,1,0.535,1088,1,-0.301,21039,7,0.467,13110,4,0.347,11410,4,1.084,3433,2,1524,371,884,269,880.75
"E01006759","Liverpool 028D",49.353,2333,1,0.253,5315,2,0.241,2843,1,27.41,9705,3,1.247,2810,1,2.6,8,1,12.951,25520,8,63.49,551,1,0.221,11007,4,0.379,2977,1,-0.166,18913,6,0.433,4850,2,-0.116,17818,6,-0.686,19247,6,1.566,1098,1,1.062,3569,2,1124,211,742,171,741.5
"E01006760","Liverpool 028E",80.374,28,1,0.445,356,1,0.449,33,1,47.872,3567,2,3.29,2,1,2.26,33,1,15.261,22718,7,74.266,99,1,0.567,253,1,0.452,1435,1,0.804,5455,2,0.487,2499,1,-0.887,28790,9,1.232,9622,3,2.123,181,1,0.789,5710,2,1642,191,1218,233,1233.75
"E01006761","Liverpool 020B",62.005,757,1,0.341,1987,1,0.316,748,1,41.563,4932,2,1.978,474,1,1.678,408,1,12.187,26427,9,53.754,1641,1,0.366,3986,2,0.335,4429,2,0.605,7532,3,0.466,3317,2,-0.958,29385,9,0.596,12440,4,1.243,2499,1,1.083,3443,2,1652,284,1006,362,1018.25
"E01006762","Liverpool 015E",52.813,1758,1,0.335,2174,1,0.253,2376,1,55.33,2297,1,1.923,559,1,0.811,5136,2,12.466,26100,8,38.749,5117,2,0.439,1856,1,0.354,3738,2,0.765,5821,2,0.538,1012,1,-0.403,22716,7,-0.057,15750,5,0.912,4846,2,0.564,8019,3,1722,348,1021,353,1023.5
"E01006763","Liverpool 020C",44.551,3291,2,0.307,3106,1,0.219,3910,2,35.783,6583,3,1.481,1714,1,0.707,6332,2,7.817,30605,10,50.816,2115,1,0.346,4706,2,0.336,4372,2,0.639,7147,3,0.411,6078,2,-0.792,27828,9,-0.721,19426,6,1.329,2063,1,0.621,7414,3,1509,315,917,277,909.25
"E01006764","Liverpool 020D",60.68,874,1,0.384,1063,1,0.29,1247,1,33.378,7378,3,1.831,724,1,1.735,323,1,11.147,27562,9,52.452,1849,1,0.402,2788,1,0.335,4409,2,0.376,10477,4,0.427,5143,2,-1.149,30686,10,0.477,13069,4,1.24,2511,1,0.976,4123,2,1588,321,1019,248,1013.5
"E01006765","Liverpool 020E",47.429,2709,1,0.268,4655,2,0.229,3408,2,27.854,9473,3,1.593,1331,1,1.487,775,1,6.657,31324,10,57.116,1209,1,0.313,6070,2,0.302,5786,2,0.43,9695,3,0.367,9275,3,-1.162,30765,10,-0.729,19466,6,1.41,1660,1,0.928,4478,2,1464,256,932,276,900.5
"E01006766","Liverpool 019E",72.956,165,1,0.429,472,1,0.341,444,1,59.362,1756,1,2.114,297,1,1.685,396,1,12.044,26569,9,59.038,982,1,0.53,476,1,0.349,3911,2,1.158,2600,1,0.513,1665,1,-1.779,32577,10,0.834,11341,4,1.436,1540,1,1.015,3869,2,1282,282,825,175,804.75
"E01006767","Liverpool 019F",59.574,959,1,0.381,1142,1,0.285,1382,1,33.945,7183,3,1.881,629,1,1.747,308,1,12.105,26513,9,46.189,3055,1,0.544,379,1,0.397,2486,1,0.647,7061,3,0.393,7294,3,-0.462,23587,8,-0.038,15661,5,1.118,3285,2,0.751,6028,2,1775,374,1188,213,1168
"E01006768","Liverpool 020F",53.855,1621,1,0.301,3320,2,0.302,1008,1,22.859,12006,4,1.623,1233,1,1.592,551,1,13.056,25403,8,53.266,1724,1,0.413,2454,1,0.194,12367,4,0.143,13975,5,0.357,10101,4,-0.158,18550,6,-0.528,18316,6,1.294,2235,1,0.918,4557,2,1360,186,925,249,921
"E01006769","Liverpool 040B",55.845,1368,1,0.395,861,1,0.326,611,1,49.981,3175,1,1.988,460,1,-0.247,20316,7,10.779,27960,9,19.058,15342,5,0.426,2137,1,0.491,922,1,0.964,4010,2,0.479,2802,1,-1.171,30811,10,0.396,13452,5,-0.286,20630,7,0.705,6487,2,1283,211,675,397,686
"E01006770","Liverpool 040C",48.943,2430,1,0.375,1244,1,0.276,1636,1,50.044,3163,1,1.451,1825,1,-0.095,17979,6,15.596,22312,7,20.428,14348,5,0.449,1646,1,0.463,1267,1,0.926,4332,2,0.485,2567,1,-0.429,23106,8,0.754,11691,4,0.011,16356,5,0.511,8676,3,996,200,534,262,536
"E01006771","Liverpool 040D",64.776,552,1,0.398,800,1,0.336,487,1,65.179,1137,1,1.95,527,1,0.467,9481,3,33.028,4956,2,24.183,11903,4,0.389,3180,1,0.529,576,1,1.434,1258,1,0.507,1838,1,0.841,4555,2,0.662,12140,4,0.181,13821,5,0.63,7311,3,1422,244,791,387,780.5
"E01006772","Liverpool 040E",36.082,5735,2,0.232,6434,2,0.23,3349,2,39.753,5406,2,1.28,2636,1,0.02,16214,5,15.385,22549,7,18.801,15531,5,0.187,13252,5,0.328,4677,2,0.827,5232,2,0.417,5737,2,-0.005,15882,5,-0.352,17383,6,-0.285,20618,7,0.681,6731,3,1086,165,619,302,632.25
"E01006773","Liverpool 036D",16.005,17626,6,0.113,16528,6,0.119,12790,4,10.539,21338,7,0.519,9194,3,-0.702,26426,9,4.832,32177,10,23.646,12227,4,0.107,20495,7,0.193,12480,4,-0.543,24471,8,0.288,17354,6,-0.636,26030,8,-2.225,27059,9,0.13,14591,5,0.651,7044,3,1394,247,834,313,839.75
"E01006774","Liverpool 036E",11.703,22156,7,0.108,17163,6,0.091,17532,6,7.71,24266,8,0.158,13814,5,-0.731,26757,9,8.362,30247,10,13.45,19956,7,0.144,16698,6,0.2,11867,4,-0.963,29025,9,0.275,18797,6,-0.115,17790,6,-2.768,28940,9,-0.661,25414,8,0.475,9115,3,1457,257,934,266,919.25
"E01006775","Liverpool 040F",62.808,701,1,0.401,753,1,0.335,494,1,77.198,415,1,2.316,165,1,-0.362,21997,7,18.864,18223,6,12.996,20405,7,0.447,1676,1,0.519,661,1,1.527,925,1,0.563,564,1,0.037,15179,5,0.421,13326,5,-0.643,25225,8,0.422,9846,3,1327,223,723,381,732.25
"E01006776","Liverpool 022B",46.199,2930,1,0.315,2804,1,0.268,1872,1,44.376,4290,2,1.749,888,1,0.298,11930,4,17.278,20190,7,13.756,19675,6,0.368,3944,2,0.405,2343,1,0.648,7050,3,0.482,2693,1,0.016,15565,5,0.096,14979,5,-1.442,31272,10,0.793,5665,2,1741,253,1002,486,1030.75
"E01006778","Liverpool 014E",71.528,214,1,0.443,362,1,0.368,259,1,68.407,882,1,2.378,134,1,1.138,2343,1,16.7,20886,7,33.258,7244,3,0.547,367,1,0.531,563,1,1.429,1280,1,0.528,1261,1,-0.652,26233,8,1.308,9290,3,0.669,7337,3,0.607,7549,3,2208,348,1412,448,1424
"E01006779","Liverpool 022D",72.021,198,1,0.477,182,1,0.384,181,1,76.981,424,1,2.83,26,1,0.719,6187,2,19.814,17060,6,14.114,19320,6,0.548,357,1,0.532,556,1,1.29,1881,1,0.609,164,1,-0.166,18713,6,1.165,9897,4,-1.353,30900,10,0.808,5526,2,1943,362,1091,490,1100.25
"E01006780","Liverpool 002D",30.866,7816,3,0.163,11214,4,0.151,8968,3,29.027,8975,3,1.031,4159,2,0.726,6114,2,7.629,30733,10,48.792,2504,1,0.221,10993,4,0.174,14091,5,0.269,12046,4,0.402,6682,3,-0.532,24623,8,-1.26,22335,7,1.282,2285,1,0.551,8182,3,1488,274,889,325,882.5
"E01006781","Liverpool 003A",20.767,13650,5,0.098,18640,6,0.137,10443,4,16.361,16357,5,0.811,6005,2,0.399,10421,4,5.108,32089,10,26.928,10278,4,0.079,24043,8,0.133,18265,6,-0.753,27031,9,0.367,9290,3,-0.424,23039,8,-3.085,29829,10,0.312,11909,4,0.675,6789,3,1480,249,930,301,948.25
"E01006782","Liverpool 003B",37.941,5158,2,0.205,7976,3,0.194,5429,2,27.365,9730,3,1.127,3515,2,0.848,4770,2,7.211,30997,10,62.864,600,1,0.223,10889,4,0.218,10527,4,0.386,10314,4,0.369,9113,3,-0.991,29641,10,-0.685,19238,6,1.595,1004,1,0.926,4497,2,1580,290,1000,290,999
"E01006783","Liverpool 002E",36.646,5559,2,0.231,6440,2,0.185,6039,2,24.806,10968,4,1.32,2415,1,0.515,8814,3,5.663,31854,10,55.648,1372,1,0.241,9793,3,0.33,4606,2,0.227,12655,4,0.366,9358,3,-1.138,30629,10,-1.074,21357,7,1.41,1659,1,0.809,5519,2,1549,343,936,270,930.25
"E01006784","Liverpool 003C",30.35,8074,3,0.171,10558,4,0.151,8953,3,12.799,19263,6,1.083,3822,2,0.351,11111,4,3.541,32529,10,64.748,454,1,0.13,17989,6,0.321,4967,2,-0.325,21349,7,0.297,16275,5,-1.512,32144,10,-1.684,24553,8,1.682,768,1,0.856,5092,2,1353,278,847,228,852
"E01006785","Liverpool 003D",40.629,4334,2,0.246,5677,2,0.205,4765,2,23.124,11857,4,1.214,2989,1,0.682,6626,3,16.461,21199,7,65.318,420,1,0.38,3508,2,0.256,8017,3,0.167,13574,5,0.357,10156,4,0.055,14877,5,-0.256,16857,6,1.689,755,1,0.888,4810,2,1770,337,1087,346,1082
"E01006786","Liverpool 003E",29.748,8352,3,0.138,13642,5,0.171,7116,3,20.381,13489,5,1.114,3604,2,1.013,3261,1,5.461,31942,10,36.957,5769,2,0.149,16346,5,0.148,16597,6,-0.117,18132,6,0.362,9708,3,-0.677,26514,9,-1.81,25130,8,0.706,6938,3,0.862,5043,2,1825,357,1118,350,1125
"E01006787","Liverpool 006A",53.824,1624,1,0.269,4622,2,0.285,1392,1,46.882,3774,2,1.908,587,1,0.811,5130,2,22.046,14306,5,55.408,1397,1,0.334,5211,2,0.311,5385,2,0.69,6580,3,0.495,2250,1,-0.064,16898,6,1.389,8966,3,1.445,1508,1,0.683,6702,3,1701,297,1165,239,1179
"E01006788","Liverpool 006B",31.639,7461,3,0.216,7318,3,0.174,6909,3,22.128,12394,4,1.019,4259,2,0.171,13872,5,10.216,28587,9,48.324,2596,1,0.336,5127,2,0.191,12642,4,-0.053,17075,6,0.373,8805,3,-0.197,19258,6,-1.331,22704,7,1.335,2028,1,0.354,10738,4,1812,426,1070,316,1067.75
"E01006790","Liverpool 006C",67.268,408,1,0.428,479,1,0.345,408,1,38.969,5611,2,2.295,174,1,1.509,728,1,13.665,24696,8,40.415,4594,2,0.537,418,1,0.492,905,1,0.302,11555,4,0.482,2689,1,-1.027,29899,10,0.966,10696,4,0.857,5359,2,0.842,5218,2,1598,319,1021,258,1017.5
"E01006791","Liverpool 006D",61.454,798,1,0.408,663,1,0.355,340,1,46.33,3895,2,2.031,395,1,0.69,6509,2,11.244,27463,9,29.63,8850,3,0.476,1139,1,0.457,1354,1,0.607,7507,3,0.501,2053,1,-0.881,28732,9,0.312,13852,5,0.584,8338,3,0.438,9620,3,1680,270,996,414,1015.75
"E01006792","Liverpool 046A",9.152,25260,8,0.056,26625,9,0.083,19267,6,1.673,31338,10,-0.045,16765,6,-0.691,26299,9,19.397,17573,6,16.882,16931,6,0.065,26121,8,0.056,29858,10,-1.497,31906,10,0.175,29176,9,0.624,6531,2,-2.797,29019,9,-0.393,22077,7,0.601,7613,3,1374,213,687,474,706.75
"E01006793","Liverpool 051A",25.532,10560,4,0.193,8878,3,0.18,6391,2,12.273,19775,7,0.836,5770,2,-0.377,22207,7,16.416,21256,7,25.142,11295,4,0.192,12901,4,0.233,9439,3,-0.27,20530,7,0.285,17741,6,0.211,12239,4,-0.921,20538,7,0.372,11054,4,0.402,10090,4,1479,233,779,467,809.5
"E01006794","Liverpool 046B",14.513,19118,6,0.088,20192,7,0.103,15198,5,9.433,22421,7,0.168,13672,5,-0.15,18852,6,9.511,29281,9,31.051,8213,3,0.111,20047,7,0.108,21580,7,-0.2,19477,6,0.23,24060,8,-0.108,17676,6,-2.06,26315,9,0.506,9300,3,0.719,6350,2,1598,229,910,459,926
"E01006795","Liverpool 051B",11.939,21872,7,0.074,22710,7,0.089,18006,6,5.69,26554,9,0.404,10566,4,-0.435,23017,8,3.279,32591,10,24.426,11751,4,0.076,24449,8,0.103,22317,7,-0.554,24616,8,0.206,26524,9,-0.809,28027,9,-2.725,28827,9,0.306,12008,4,0.454,9416,3,1417,219,832,366,849
"E01006796","Liverpool 047E",7.263,27668,9,0.038,30428,10,0.048,28255,9,1.838,31145,10,-0.125,17992,6,-0.114,18287,6,23.901,12172,4,10.977,22479,7,0.026,31788,10,0.046,31151,10,-1.717,32413,10,0.186,28302,9,0.905,4088,2,-3.262,30242,10,-0.938,28216,9,0.385,10296,4,1623,299,867,457,870.75
"E01006797","Liverpool 051C",39.806,4563,2,0.254,5250,2,0.25,2458,1,29.593,8752,3,1.665,1106,1,-0.01,16702,6,17.764,19596,6,22.558,12929,4,0.257,8862,3,0.332,4543,2,0.398,10151,4,0.389,7553,3,0.02,15499,5,0.203,14402,5,0.19,13690,5,0.461,9317,3,1495,255,911,329,914.5
"E01006798","Liverpool 051D",12.956,20719,7,0.099,18491,6,0.097,16343,5,9.738,22130,7,0.227,12861,4,-0.565,24698,8,8.801,29906,10,19.413,15071,5,0.115,19556,6,0.141,17369,6,-0.181,19168,6,0.232,23795,8,-0.104,17606,6,-2.515,28128,9,-0.077,17646,6,0.523,8534,3,1394,186,797,411,818.5
"E01006799","Liverpool 051E",30.257,8124,3,0.252,5342,2,0.21,4393,2,12.492,19571,6,1.108,3647,2,-0.782,27320,9,10.632,28116,9,26.498,10512,4,0.224,10854,4,0.325,4800,2,-0.977,29142,9,0.335,12206,4,-0.488,23985,8,-0.385,17562,6,0.54,8876,3,0.196,12993,4,1843,164,870,809,930.75
"E01006800","Liverpool 046C",12.572,21134,7,0.083,21043,7,0.119,12756,4,5.649,26593,9,0.237,12733,4,-0.528,24239,8,11.164,27541,9,12.755,20639,7,0.055,27720,9,0.098,23039,8,-0.815,27664,9,0.233,23686,8,0.08,14464,5,-2.4,27729,9,-0.373,21798,7,0.151,13696,5,1405,163,654,588,680.5
"E01006801","Liverpool 046D",12.254,21501,7,0.091,19754,7,0.081,19696,6,8.84,23046,8,0.47,9757,3,-0.903,28505,9,14.982,23073,8,15.628,17998,6,0.069,25554,8,0.147,16762,6,-0.623,25541,8,0.271,19335,6,0.392,9402,3,-3.231,30176,10,-0.303,20864,7,0.396,10152,4,1354,157,693,504,726
"E01032505","Liverpool 050F",33.865,6574,3,0.223,6938,3,0.179,6462,2,28.284,9284,3,0.894,5251,2,0.215,13234,5,37.695,2875,1,20.645,14196,5,0.339,5021,2,0.227,9867,4,0.391,10257,4,0.377,8427,3,1.398,1741,1,-0.608,18808,6,0.106,14972,5,0.402,10084,4,1314,219,800,295,799.25
"E01032506","Liverpool 050G",37.906,5168,2,0.234,6290,2,0.204,4811,2,25.599,10561,4,1.59,1337,1,-0.057,17428,6,9.954,28845,9,53.51,1679,1,0.308,6259,2,0.293,6210,2,0.351,10824,4,0.356,10192,4,-0.75,27359,9,-0.163,16337,5,1.438,1532,1,0.526,8483,3,1394,189,879,326,894.5
"E01032507","Liverpool 050H",25.672,10486,4,0.178,9911,4,0.125,11964,4,17.596,15445,5,0.928,4974,2,-0.382,22273,7,7.201,31005,10,51.672,1963,1,0.301,6617,3,0.276,7021,3,0.41,9968,4,0.242,22626,7,-0.556,24961,8,-1.358,22884,7,1.441,1521,1,0.334,11026,4,1492,197,1050,245,1052.5
"E01032508","Liverpool 027G",59.12,1002,1,0.357,1609,1,0.272,1767,1,57.366,2011,1,1.909,583,1,1.115,2491,1,11.814,26796,9,54.13,1572,1,0.419,2315,1,0.474,1109,1,1.107,2944,1,0.508,1808,1,-1.353,31671,10,0.709,11917,4,1.179,2894,1,1.262,2434,1,1736,310,1090,336,1085
"E01032509","Liverpool 027H",56.817,1251,1,0.356,1621,1,0.257,2232,1,45.374,4082,2,1.644,1173,1,1.076,2788,1,10.348,28439,9,69.363,226,1,0.494,869,1,0.38,2952,1,1.021,3555,2,0.431,4945,2,-0.684,26596,9,-0.146,16230,5,1.713,716,1,1.176,2876,1,1430,303,888,239,877
"E01032510","Liverpool 008F",39.245,4740,2,0.24,5993,2,0.193,5516,2,32.06,7814,3,1.425,1930,1,0.744,5878,2,11.002,27706,9,49.884,2294,1,0.324,5599,2,0.274,7119,3,0.394,10217,4,0.413,5972,2,-0.361,22055,7,-0.556,18487,6,1.333,2034,1,0.515,8638,3,1840,349,1182,309,1166.5
"E01032511","Liverpool 008G",40.674,4319,2,0.264,4858,2,0.213,4272,2,42.612,4682,2,1.39,2077,1,0.105,14931,5,31.995,5554,2,21.619,13529,5,0.39,3162,1,0.273,7150,3,0.644,7093,3,0.469,3190,1,1.037,3201,1,-0.548,18449,6,0.149,14334,5,0.436,9647,3,1340,218,801,321,835.75
"E01033747","Liverpool 018F",80.316,29,1,0.505,103,1,0.436,50,1,71.316,670,1,2.768,34,1,1.854,198,1,16.556,21076,7,37.646,5504,2,0.523,539,1,0.506,777,1,1.077,3147,1,0.603,198,1,-0.495,24097,8,1.07,10270,4,0.647,7584,3,1.026,3799,2,1065,240,578,247,583.5
"E01033748","Liverpool 050I",17.867,16004,5,0.07,23651,8,0.049,27986,9,14.579,17760,6,0.928,4973,2,-0.802,27526,9,38.767,2501,1,25.664,10992,4,0.207,11920,4,0.208,11271,4,0.397,10166,4,0.178,28983,9,1.406,1710,1,-0.345,17350,6,0.559,8630,3,0.044,15359,5,1340,105,1157,78,1164
"E01033749","Liverpool 042F",11.02,22984,7,0.02,32468,10,0.01,32808,10,8.141,23802,8,0.819,5926,2,-0.657,25875,8,28.876,7635,3,15.936,17724,6,0.137,17370,6,0.226,9937,4,-0.28,20670,7,0.217,25424,8,-0.579,25273,8,3.421,3068,1,-0.139,18537,6,0.237,12383,4,1146,45,1070,31,1038.75
"E01033750","Liverpool 061A",13.58,20066,7,0.046,28752,9,0.038,30473,10,6.917,25156,8,0.327,11550,4,0.338,11307,4,31.665,5749,2,29.334,8990,3,0.121,18935,6,0.209,11168,4,-0.126,18282,6,0.107,31997,10,1.05,3132,1,-0.712,19376,6,0.609,8013,3,0.346,10835,4,1557,77,1393,87,1432.75
"E01033751","Liverpool 062A",38.359,5021,2,0.194,8792,3,0.128,11519,4,43.352,4508,2,1.915,572,1,0.696,6438,2,22.156,14175,5,43.657,3670,2,0.671,44,1,0.496,855,1,1.585,775,1,0.258,20768,7,0.114,13876,5,0.939,10843,4,0.927,4716,2,0.958,4253,2,1878,119,1624,135,1611.5
"E01033752","Liverpool 062B",16.445,17254,6,0.026,31998,10,0.027,32164,10,16.115,16566,6,0.664,7521,3,-0.189,19433,6,23.595,12525,4,57.843,1126,1,0.043,29597,10,0.136,17974,6,0.579,7829,3,0.075,32587,10,0.025,15387,5,1.501,8567,3,1.461,1455,1,0.86,5058,2,1475,63,1374,38,1447.75
"E01033753","Liverpool 062C",15.459,18180,6,0.024,32186,10,0.019,32616,10,7.794,24177,8,0.755,6543,2,-1.382,31626,10,32.021,5540,2,52.692,1807,1,0.058,27279,9,0.266,7519,3,-0.04,16859,6,0.103,32088,10,0.572,7124,3,1.483,8624,3,1.574,1081,1,-0.013,16293,5,1151,37,1089,25,1120.25
"E01033754","Liverpool 061B",32.927,6946,3,0.156,11837,4,0.103,15289,5,22.443,12235,4,1.155,3334,2,1.605,524,1,22.256,14059,5,45.572,3202,1,0.483,1032,1,0.458,1339,1,0.771,5767,2,0.221,24953,8,-0.04,16456,6,1.373,9038,3,0.985,4268,2,1.006,3947,2,1697,84,1427,186,1469.75
"E01033755","Liverpool 062D",17.649,16185,5,0.024,32186,10,0.024,32394,10,8.58,23339,8,0.949,4801,2,0.498,9067,3,14.89,23179,8,61.992,683,1,0.056,27517,9,0.124,19376,6,0.039,15593,5,0.091,32339,10,-1.013,29792,10,1.236,9607,3,1.4,1702,1,1.344,2067,1,1151,39,1088,24,1120.25
"E01033756","Liverpool 061C",22.606,12319,4,0.04,29981,10,0.039,30321,10,7.982,23962,8,0.636,7838,3,1.633,470,1,29.071,7489,3,51.792,1942,1,0.051,28434,9,0.101,22618,7,-0.023,16582,6,0.103,32083,10,0.019,15514,5,2.55,5114,2,1.069,3627,2,1.318,2178,1,1222,47,1098,77,1142
"E01033757","Liverpool 037E",36.873,5493,2,0.177,10018,4,0.142,9876,4,37.168,6152,2,1.832,722,1,0.334,11392,4,25.355,10671,4,45.818,3142,1,0.485,1013,1,0.544,476,1,1.276,1947,1,0.283,17964,6,-0.276,20599,7,2.457,5377,2,1.042,3821,2,0.894,4747,2,1170,61,1060,49,1071
"E01033758","Liverpool 060B",35.068,6121,2,0.108,17129,6,0.072,22011,7,24.56,11094,4,2.262,191,1,0.819,5057,2,29.038,7510,3,61.328,750,1,0.224,10833,4,0.432,1764,1,0.722,6250,2,0.272,19158,6,-1.141,30645,10,3.825,2423,1,1.24,2509,1,1.704,1003,1,1997,61,1868,68,1904.25
"E01033759","Liverpool 010F",54.124,1582,1,0.369,1343,1,0.281,1506,1,40.597,5189,2,1.811,773,1,0.938,3936,2,9.153,29607,10,38.746,5118,2,0.472,1207,1,0.394,2577,1,0.624,7336,3,0.456,3748,2,-1.014,29798,10,-0.116,16096,5,0.793,5987,2,0.834,5284,2,1195,283,702,210,716.25
"E01033760","Liverpool 060C",31.371,7585,3,0.027,31893,10,0.026,32224,10,36.802,6260,2,0.891,5276,2,1.658,438,1,33.575,4679,2,74.246,100,1,0.078,24128,8,0.519,660,1,1.461,1164,1,0.191,27890,9,-0.674,26488,9,4.284,1790,1,1.622,919,1,1.8,832,1,1859,22,1822,15,1813.5
"E01033761","Liverpool 060D",26.788,9835,3,0.041,29855,10,0.027,32184,10,6.322,25834,8,1.125,3528,2,2.526,12,1,18.135,19143,6,70.283,205,1,0.389,3188,1,0.216,10618,4,-0.171,19008,6,0.084,32443,10,-0.822,28146,9,1.751,7576,3,1.693,748,1,1.279,2345,1,1446,23,1404,19,1428.5
"E01033762","Liverpool 060E",26.541,9976,4,0.098,18623,6,0.051,27506,9,17.739,15335,5,1.467,1769,1,0.844,4826,2,32.101,5490,2,42.77,3918,2,0.916,1,1,0.572,355,1,0.441,9550,3,0.236,23295,8,-0.683,26578,9,4.058,2085,1,0.716,6832,3,1.31,2210,1,1795,50,1669,76,1678.25
"E01033763","Liverpool 031G",69.528,285,1,0.412,631,1,0.354,345,1,61.141,1552,1,2.741,38,1,1.068,2857,1,19.329,17654,6,39.862,4761,2,0.469,1268,1,0.584,302,1,0.965,3999,2,0.549,798,1,-0.468,23691,8,1.607,8119,3,0.445,10071,4,1.537,1415,1,1494,155,965,374,996
"E01033764","Liverpool 022E",76.865,72,1,0.512,81,1,0.445,39,1,63.807,1260,1,2.731,40,1,1.625,491,1,15.945,21851,7,24.609,11645,4,0.529,485,1,0.597,266,1,0.633,7222,3,0.613,134,1,-0.64,26073,8,1.138,10012,4,-0.641,25196,8,1.405,1835,1,2158,339,1249,570,1303
"E01033765","Liverpool 061D",57.107,1212,1,0.389,965,1,0.303,996,1,57.944,1948,1,1.905,590,1,0.736,5969,2,15.007,23049,8,13.965,19481,6,0.455,1511,1,0.502,804,1,1.311,1783,1,0.479,2815,1,-0.279,20641,7,0.321,13820,5,-0.567,24357,8,0.464,9272,3,1377,263,857,257,868
"E01033766","Liverpool 042G",18.647,15356,5,0.123,15357,5,0.078,20455,7,10.792,21114,7,0.664,7526,3,-0.187,19399,6,6.224,31573,10,50.17,2243,1,0.232,10278,4,0.247,8572,3,0.121,14301,5,0.178,28977,9,-1.736,32518,10,-0.666,19130,6,1.361,1883,1,0.448,9484,3,1089,136,820,133,808.5
"E01033767","Liverpool 050J",60.871,858,1,0.421,541,1,0.313,799,1,51.031,2986,1,2.016,422,1,0.021,16197,5,11.609,27024,9,48.535,2552,1,0.623,90,1,0.471,1148,1,1.097,3023,1,0.465,3363,2,-1.504,32123,10,0.697,11965,4,1.326,2077,1,0.409,10014,4,1068,175,693,200,696.5
"E01033768","Liverpool 037F",48.06,2592,1,0.278,4220,2,0.261,2093,1,24.183,11269,4,1.899,598,1,0.681,6630,3,21.838,14541,5,50.575,2165,1,0.295,6940,3,0.549,445,1,0.748,6008,2,0.26,20572,7,-0.219,19652,6,1.687,7826,3,1.213,2680,1,0.892,4771,2,1266,86,1055,125,1081.5
