"GeographyCode","CT00100001","CT00100002","CT00100003","CT00100004","CT00100005","CT00100006","CT00100007","CT00100008","CT00100009","CT00100010","CT00100011","CT00100012","CT00100013","CT00100014","CT00100015","CT00100016","CT00100017","CT00100018","CT00100019","CT00100020","CT00100021","CT00100022","CT00100023","CT00100024","CT00100025","CT00100026","CT00100027","CT00100028","CT00100029","CT00100030","CT00100031","CT00100032","CT00100033","CT00100034","CT00100035","CT00100036","CT00100037","CT00100038","CT00100039","CT00100040","CT00100041","CT00100042","CT00100043","CT00100044","CT00100045","CT00100046","CT00100047","CT00100048","CT00100049","CT00100050","CT00100051","CT00100052","CT00100053","CT00100054","CT00100055","CT00100056","CT00100057","CT00100058","CT00100059","CT00100060","CT00100061","CT00100062","CT00100063","CT00100064","CT00100065","CT00100066","CT00100067","CT00100068","CT00100069","CT00100070","CT00100071","CT00100072","CT00100073","CT00100074","CT00100075","CT00100076","CT00100077","CT00100078","CT00100079","CT00100080","CT00100081","CT00100082","CT00100083","CT00100084","CT00100085","CT00100086","CT00100087","CT00100088","CT00100089","CT00100090","CT00100091","CT00100092","CT00100093","CT00100094","CT00100095"
"E01006512",1880,578,19,0,15,24,29,14,4,79,33,9,469,3,83,20,0,253,1,2,0,0,0,0,0,6,0,0,3,9,0,0,0,0,0,1,0,0,0,0,0,3,0,0,0,0,0,24,4,13,0,7,7,1,3,1,0,3,0,25,5,21,0,0,4,1,3,4,5,13,2,24,0,15,0,0,0,0,3,5,0,2,3,1,5,6,0,0,10,0,1,0,2,0,0
"E01006513",2941,1887,86,0,24,16,8,31,4,53,19,3,408,4,56,7,0,93,3,0,0,2,0,0,4,5,1,0,3,3,0,0,0,4,1,0,0,0,0,2,1,9,0,0,3,0,0,19,2,6,6,1,4,1,12,6,0,13,0,0,8,5,0,0,1,1,0,1,10,7,8,48,0,7,0,0,0,1,0,0,0,11,2,2,8,3,0,0,7,0,1,0,0,0,0
"E01006514",2108,1433,69,1,13,37,34,23,8,19,20,0,105,6,62,21,3,31,2,4,0,0,0,0,1,4,0,0,1,14,0,3,0,5,0,0,0,0,0,0,0,3,0,1,2,0,0,13,0,3,1,2,16,0,15,1,0,1,0,5,11,13,0,1,0,0,0,2,9,18,2,47,0,9,0,0,1,0,2,0,0,3,2,0,3,0,0,0,2,1,0,0,0,0,0
"E01006515",1208,708,24,0,11,37,35,10,13,4,0,0,159,0,24,9,0,44,1,1,0,0,0,0,1,0,0,0,3,19,0,0,0,1,1,0,0,0,0,2,0,6,0,0,1,0,0,12,2,1,0,0,4,0,1,0,0,0,0,22,3,7,0,0,0,0,0,0,0,5,0,15,0,14,0,0,0,0,0,0,0,0,0,0,0,1,0,0,3,1,1,0,2,0,0
"E01006518",1696,1288,29,0,1,29,27,17,2,5,3,7,43,1,59,16,6,47,1,0,0,0,0,0,1,5,1,1,3,18,0,2,0,1,0,0,0,0,0,2,0,0,0,0,0,0,0,17,0,0,0,0,2,0,1,0,0,1,0,3,0,2,0,0,1,0,0,0,7,5,6,5,0,10,0,0,0,0,7,8,0,3,0,0,0,0,0,0,0,0,3,0,0,0,0
"E01006519",1286,1174,25,0,13,2,3,7,0,4,2,3,11,0,4,2,0,6,1,0,0,0,0,0,0,0,0,0,0,0,0,0,0,0,0,3,0,0,1,1,0,0,0,0,0,0,0,6,0,0,0,0,0,0,0,0,0,1,0,0,0,0,0,0,0,0,1,0,2,3,0,8,0,2,0,0,0,0,0,0,0,0,0,0,0,1,0,0,0,0,0,0,0,0,0
"E01006520",1706,1332,68,6,4,20,15,17,1,10,7,1,13,3,24,12,5,28,1,1,0,0,0,0,3,6,0,0,0,9,0,0,0,1,0,0,0,0,3,4,0,1,0,0,0,0,0,11,0,8,1,0,0,0,6,2,0,0,0,6,3,2,0,0,3,0,0,4,6,3,1,33,0,12,0,0,1,0,1,0,0,3,0,2,0,1,0,0,0,0,0,0,0,2,0
"E01006521",1660,1372,35,1,16,15,13,20,0,17,3,0,19,1,38,3,0,30,2,4,0,0,0,0,1,3,0,1,1,7,0,0,0,0,0,0,0,0,0,0,0,0,0,0,0,0,0,4,0,3,0,0,1,1,2,6,0,0,0,0,1,0,0,0,1,0,0,4,10,2,2,10,0,9,0,0,0,0,0,0,0,0,0,0,0,2,0,0,0,0,0,0,0,0,0
"E01006522",1731,1349,60,0,8,30,35,25,10,16,6,1,19,5,19,20,1,25,0,1,0,0,0,0,5,2,0,0,0,13,0,0,0,0,0,0,0,0,0,0,0,0,0,0,0,0,0,9,5,4,0,0,1,0,0,0,1,0,0,7,2,0,0,0,0,0,0,3,2,3,0,27,0,6,0,0,2,0,0,0,0,6,0,0,0,1,0,0,1,0,0,0,1,0,0
"E01006523",1508,1242,33,1,6,21,13,8,4,11,14,0,8,1,20,8,1,20,2,1,0,0,0,0,2,4,0,0,6,7,0,0,0,0,0,0,0,0,0,1,0,0,0,0,0,0,0,13,0,5,2,0,3,0,0,0,0,0,0,0,0,0,0,0,0,0,0,1,4,0,1,21,0,8,0,0,0,0,11,0,0,1,0,0,0,0,0,0,0,0,3,1,0,0,0
"E01006524",2431,2043,42,1,11,12,9,16,2,76,17,3,50,1,28,4,1,16,2,1,0,0,0,2,7,1,0,0,0,0,0,0,0,0,0,0,0,0,0,1,0,2,0,0,0,0,0,10,0,3,1,0,4,0,2,1,1,8,0,0,3,3,0,0,1,0,1,0,3,9,0,16,0,9,0,0,0,0,1,0,0,3,0,0,0,0,0,0,1,0,1,0,0,2,0
"E01006525",1209,1088,19,0,4,6,3,15,0,5,5,0,24,0,5,2,0,9,0,0,0,0,0,0,0,0,0,0,0,1,0,0,0,0,0,0,0,0,1,1,0,0,0,0,0,0,0,1,0,5,1,0,0,0,2,0,0,0,0,0,0,0,0,0,0,0,0,0,0,0,0,11,0,0,0,0,0,0,0,0,0,1,0,0,0,0,0,0,0,0,0,0,0,0,0
"E01006526",1404,1270,20,0,3,8,13,8,3,4,2,4,5,2,8,3,3,1,0,0,0,0,1,0,3,0,0,0,3,4,0,0,0,0,0,0,0,0,0,0,0,1,0,0,0,0,0,0,1,0,0,0,0,0,4,2,0,0,0,11,1,0,1,0,0,0,0,0,1,0,2,2,0,4,0,0,0,0,1,0,0,0,0,0,0,1,0,0,1,0,3,0,0,0,0
"E01006527",1454,1299,24,0,3,17,28,3,2,3,5,0,7,0,4,4,1,16,0,0,0,0,0,0,1,2,0,0,0,1,0,0,0,0,0,0,0,1,0,2,0,0,0,0,0,0,0,10,0,1,3,0,0,0,2,0,0,0,1,0,0,0,0,0,0,0,0,0,3,1,0,7,0,1,0,1,0,0,0,0,0,0,0,0,0,0,0,0,1,0,0,0,0,0,0
"E01006528",1461,1192,32,0,6,3,18,18,3,12,22,1,18,0,38,8,1,9,4,0,0,0,0,0,0,9,0,0,0,5,0,0,1,0,0,0,0,0,0,3,0,3,0,0,0,0,0,7,0,1,0,0,0,0,4,0,0,0,0,2,2,1,0,0,3,0,0,1,1,3,1,18,0,7,0,0,1,0,0,0,0,1,0,0,0,0,0,0,1,0,1,0,0,0,0
"E01006529",1304,1168,35,0,4,7,2,8,0,5,1,0,2,0,3,4,0,17,4,0,0,0,1,0,1,0,0,0,0,1,0,0,0,0,0,6,0,0,0,1,0,0,0,0,0,0,0,10,4,4,0,0,0,0,1,0,0,0,0,1,0,0,0,0,2,0,0,1,4,1,0,2,0,0,0,0,0,0,0,0,0,2,0,0,0,0,0,0,1,0,0,1,0,0,0
"E01006530",1431,1356,19,0,0,0,4,5,7,1,0,5,13,0,3,0,0,0,0,0,0,0,0,1,0,0,0,0,0,0,0,0,0,0,0,0,0,0,0,1,0,0,0,0,0,0,0,1,0,1,1,0,5,0,0,0,0,0,0,0,1,0,0,0,0,0,0,0,1,0,4,1,0,0,0,0,0,0,0,0,0,0,0,0,0,0,0,0,0,1,0,0,0,0,0
"E01006531",1458,1403,9,0,1,3,5,2,0,11,0,0,0,0,21,1,0,0,0,0,0,0,0,0,0,0,0,0,0,0,0,0,0,0,0,0,0,0,0,0,0,0,0,0,0,0,0,0,0,0,0,0,0,0,0,0,0,0,0,0,1,0,0,0,0,0,0,0,0,0,0,0,0,0,0,0,0,0,0,0,0,0,0,0,0,0,0,0,0,0,1,0,0,0,0
"E01006532",1557,1353,27,0,6,1,2,7,4,40,38,0,20,1,7,1,0,9,0,1,0,0,0,0,2,0,0,0,1,0,0,0,0,0,0,0,0,0,0,1,0,2,0,0,0,0,0,7,1,1,1,0,1,0,4,0,0,0,0,5,1,1,0,0,0,0,0,0,4,2,0,2,0,0,0,0,0,0,0,0,0,2,0,0,0,1,0,0,1,0,0,0,0,0,0
"E01006533",1408,1290,14,0,5,5,1,8,1,34,7,0,18,1,0,1,0,2,1,0,0,0,0,0,0,0,0,0,0,0,0,0,0,0,0,0,0,0,0,2,0,5,0,0,0,0,0,2,0,0,0,0,0,0,1,0,0,0,0,0,1,0,0,0,0,1,0,0,0,0,1,4,0,0,0,0,0,0,0,0,0,3,0,0,0,0,0,0,0,0,0,0,0,0,0
"E01006534",1542,1295,17,0,5,15,11,7,4,26,15,0,62,1,9,5,0,17,0,0,0,0,0,1,0,0,0,0,2,8,0,1,0,0,0,0,0,0,0,0,0,5,0,0,0,0,0,5,0,10,1,0,2,0,2,0,0,0,0,0,0,0,0,0,0,0,0,0,2,2,0,8,0,0,0,0,0,0,0,0,0,0,0,0,3,1,0,0,0,0,0,0,0,0,0
"E01006535",1639,1503,21,0,5,14,5,11,2,5,4,2,10,0,6,6,0,0,0,0,0,0,0,0,0,0,0,0,3,2,0,0,0,0,0,0,0,0,0,0,0,0,0,0,0,0,0,0,0,1,1,0,1,0,3,0,0,0,0,4,0,0,3,0,0,0,0,0,4,1,0,7,0,9,0,0,0,0,0,0,0,2,0,0,0,0,0,0,0,0,4,0,0,0,0
"E01006536",1848,1696,18,0,3,19,13,9,3,0,0,6,16,0,13,3,0,12,1,0,0,0,0,0,1,0,0,0,0,2,0,0,0,0,0,3,0,0,0,0,0,0,0,0,0,0,0,2,0,1,1,0,0,0,0,0,0,0,0,0,1,0,1,0,0,0,4,0,0,0,0,2,0,1,0,0,8,0,0,0,0,9,0,0,0,0,0,0,0,0,0,0,0,0,0
"E01006537",2257,1917,23,5,9,10,15,17,2,33,23,0,23,0,16,0,0,1,4,0,0,0,1,0,0,31,0,0,0,0,0,0,0,2,0,0,0,0,0,0,0,0,0,0,0,0,0,3,0,0,0,0,1,0,0,0,0,0,0,0,0,0,0,0,0,0,0,3,1,35,0,13,0,65,0,0,0,0,0,0,0,0,0,0,0,4,0,0,0,0,0,0,0,0,0
"E01006538",1318,1265,6,0,0,10,0,7,0,5,0,0,6,0,1,0,1,0,0,0,0,0,0,0,0,0,0,0,0,0,0,0,0,0,0,0,0,0,0,0,0,1,0,0,1,0,0,6,0,1,0,0,1,0,0,0,0,0,0,0,1,0,0,0,1,0,0,0,1,0,0,3,0,0,0,0,0,0,0,0,0,0,0,0,0,1,0,0,0,0,0,0,0,0,0
"E01006539",1437,1258,16,0,2,5,3,5,1,23,8,1,22,0,12,1,0,6,7,0,0,0,0,0,6,0,0,0,2,1,0,0,0,0,0,1,0,0,0,3,0,1,0,0,4,0,0,4,3,0,6,0,2,0,7,0,0,0,0,0,0,0,0,0,0,0,0,0,9,1,0,6,0,9,0,0,0,0,0,0,0,0,0,0,0,0,0,0,0,0,0,0,0,2,0
"E01006540",1509,1199,14,1,7,13,7,18,3,6,6,0,19,2,60,7,0,48,0,0,0,0,0,0,0,3,0,0,0,1,0,0,0,0,2,0,0,0,0,0,0,0,0,0,0,0,0,26,0,0,0,0,5,0,2,0,0,0,0,15,0,0,0,0,0,0,0,0,1,15,1,2,0,23,0,0,0,0,2,0,0,1,0,0,0,0,0,0,0,0,0,0,0,0,0
"E01006541",1593,1549,4,0,1,4,1,4,0,1,2,0,4,0,1,2,0,0,0,0,0,0,0,0,0,0,0,0,1,0,0,0,0,0,0,0,0,0,0,0,0,0,0,0,0,0,0,0,3,0,0,0,0,0,0,0,0,0,0,0,0,0,0,0,0,0,0,4,1,0,0,2,0,2,0,0,0,0,0,0,0,3,0,0,0,2,0,0,0,0,1,0,0,1,0
"E01006542",1397,1309,14,0,3,2,6,1,2,1,0,1,2,0,8,1,2,7,0,0,0,0,0,0,1,1,0,0,0,0,0,0,0,2,0,0,0,0,0,1,0,2,0,0,0,0,0,0,0,0,0,0,0,0,0,0,0,0,0,0,0,0,0,0,0,0,0,0,0,2,0,2,0,27,0,0,0,0,0,0,0,0,0,0,0,0,0,0,0,0,0,0,0,0,0
"E01006543",1247,1219,10,0,3,0,0,3,5,1,0,0,1,0,4,0,0,0,0,0,0,0,0,0,0,0,0,0,0,0,0,0,0,0,0,0,0,0,0,0,0,0,0,0,0,0,0,0,0,0,0,0,0,0,0,0,0,0,0,0,0,0,0,0,0,0,0,0,0,0,0,1,0,0,0,0,0,0,0,0,0,0,0,0,0,0,0,0,0,0,0,0,0,0,0
"E01006544",1658,1586,7,0,0,18,4,2,1,1,0,0,19,0,6,0,0,0,0,0,0,0,0,0,1,0,0,0,0,1,0,0,0,0,0,0,0,0,0,0,0,0,0,0,0,0,0,4,0,1,0,0,0,0,0,0,0,0,0,1,0,0,0,0,0,0,0,0,0,3,0,1,0,0,0,0,0,0,0,0,0,2,0,0,0,0,0,0,0,0,0,0,0,0,0
"E01006545",1512,1442,9,0,6,11,1,1,0,7,1,0,10,1,5,1,0,3,1,0,0,0,0,0,0,0,0,0,0,1,0,0,0,0,0,0,0,0,0,0,0,0,0,0,0,0,0,1,0,0,0,0,0,0,0,0,0,0,0,0,2,0,0,0,0,0,0,0,3,0,0,0,0,0,0,0,0,0,0,0,0,6,0,0,0,0,0,0,0,0,0,0,0,0,0
"E01006546",1319,1231,10,0,3,5,0,2,0,0,1,0,8,0,22,0,0,7,0,0,0,0,0,0,0,1,0,0,1,7,0,0,0,1,0,0,0,0,0,0,0,0,0,0,0,0,0,2,0,0,0,0,0,0,2,0,0,0,0,0,0,0,0,0,0,0,0,0,0,0,0,1,0,5,0,0,0,0,0,0,0,4,0,5,0,0,0,0,1,0,0,0,0,0,0
"E01006547",1490,1299,19,1,0,13,0,4,3,3,1,0,18,2,22,10,0,28,0,0,0,0,0,0,1,1,0,0,0,7,0,0,0,0,1,0,0,0,0,0,0,0,0,0,0,0,0,4,13,2,0,0,5,0,0,1,0,0,0,0,0,0,0,0,0,0,0,0,0,2,1,2,0,16,0,0,0,0,1,0,0,6,0,2,0,0,0,0,0,0,2,0,0,0,0
"E01006548",1675,1454,25,0,3,4,11,3,2,7,5,1,19,1,47,5,2,19,0,0,0,0,0,0,0,2,0,0,2,11,0,0,0,0,5,0,0,0,0,0,0,1,0,0,0,0,0,5,9,1,0,0,0,0,1,0,0,0,0,3,0,0,0,0,0,0,0,0,0,8,0,4,0,11,0,0,0,0,0,0,0,1,0,0,1,0,1,0,0,0,0,1,0,0,0
"E01006549",1662,1071,52,2,13,25,16,23,17,23,14,8,27,1,88,16,8,52,0,0,1,2,0,0,1,4,0,0,3,12,6,0,0,0,0,0,0,0,0,1,0,3,0,0,0,0,0,16,0,3,0,0,8,0,6,1,0,0,0,31,2,0,0,0,0,0,0,7,3,4,8,24,0,29,0,0,0,0,21,0,0,3,0,0,2,0,0,0,0,0,3,1,0,1,0
"E01006550",1595,1241,77,5,9,30,20,15,4,35,21,14,12,0,29,6,2,17,0,0,0,0,0,0,0,3,0,0,0,7,0,0,0,1,0,0,0,0,0,0,0,1,0,0,0,0,0,2,1,2,0,0,2,0,2,1,0,1,0,0,1,3,0,0,0,0,0,0,4,1,1,13,0,9,0,0,0,0,0,0,0,0,0,0,1,0,0,0,0,0,0,2,0,0,0
"E01006551",1581,1263,26,0,11,22,18,18,3,13,14,2,41,0,39,18,3,3,0,8,0,1,0,0,1,0,0,0,5,8,0,1,0,0,2,1,0,0,0,1,0,4,0,0,0,0,0,4,0,1,1,0,0,0,2,1,0,0,5,9,0,0,0,0,1,0,0,1,3,0,2,19,0,3,0,0,0,0,1,0,0,0,0,0,1,0,0,0,0,0,1,0,0,0,0
"E01006552",2029,688,29,0,14,33,86,17,21,32,40,10,36,2,212,13,10,411,3,15,0,0,0,2,0,7,0,1,13,31,2,0,0,0,2,1,0,0,0,1,0,4,0,0,0,0,0,21,15,1,0,0,29,0,2,0,0,0,5,40,0,0,2,0,1,0,0,0,0,6,16,21,0,44,0,2,0,0,70,0,0,11,0,0,0,2,0,0,2,0,3,0,0,0,0
"E01006553",1880,1504,73,2,3,27,26,18,4,41,16,7,17,1,19,26,4,11,1,0,0,0,0,0,0,1,0,0,0,0,0,0,0,0,0,0,0,1,0,7,0,0,0,0,1,0,0,5,6,1,2,0,0,0,5,0,0,0,0,0,2,1,0,0,0,0,3,2,5,2,8,14,0,4,0,0,0,0,0,0,0,6,0,0,0,1,0,0,1,0,2,0,0,0,0
"E01006554",1692,1309,63,1,11,15,23,17,3,16,3,49,4,4,18,6,3,30,0,1,1,2,0,0,1,5,0,0,0,2,0,0,0,1,0,0,0,0,0,2,0,3,0,0,0,0,0,5,1,5,0,0,1,0,1,2,0,0,0,0,2,2,0,0,0,0,0,0,5,4,4,23,1,29,1,0,0,0,4,0,2,4,0,0,0,1,0,0,0,0,1,0,0,1,0
"E01006556",2011,749,45,7,5,46,67,19,13,35,30,43,53,9,237,55,13,199,6,9,1,0,0,0,0,8,0,0,5,53,0,0,0,0,3,0,0,0,0,2,0,2,0,0,0,0,0,12,0,1,0,0,33,0,1,0,0,0,0,61,0,9,0,0,1,0,3,8,3,31,17,6,0,46,1,0,0,0,25,0,0,16,0,0,3,3,0,0,1,0,16,0,0,0,0
"E01006557",2054,1524,91,0,7,21,16,32,3,41,54,37,25,4,49,12,5,26,1,1,0,0,0,0,4,6,1,2,1,13,0,0,0,2,0,0,0,0,0,1,0,0,0,0,0,0,0,6,6,0,0,0,3,0,1,0,0,0,0,3,3,1,0,0,1,0,0,1,2,7,5,19,0,7,0,0,0,0,1,5,0,2,0,0,0,0,0,0,0,0,1,0,0,1,0
"E01006558",1357,1252,7,0,5,12,3,1,0,2,0,3,26,2,11,1,0,1,0,0,0,0,0,0,0,0,0,0,3,0,0,0,0,0,0,0,0,0,0,0,0,0,0,0,0,0,0,4,4,0,0,0,0,0,0,0,0,0,0,4,1,0,0,0,0,0,0,0,1,0,0,3,0,11,0,0,0,0,0,0,0,0,0,0,0,0,0,0,0,0,0,0,0,0,0
"E01006560",1860,1695,10,0,9,14,5,2,2,4,6,2,6,1,50,0,0,7,3,0,0,0,0,0,1,0,0,0,0,6,0,0,0,0,1,0,0,0,0,0,0,1,0,0,0,0,0,7,12,0,0,0,0,0,0,0,0,0,0,1,0,0,0,0,0,0,0,0,1,0,0,1,0,0,0,0,0,0,3,5,0,0,0,0,0,5,0,0,0,0,0,0,0,0,0
"E01006562",1514,1347,16,1,3,10,5,9,3,2,0,0,29,2,34,2,0,10,0,0,0,0,0,0,0,0,0,0,1,4,0,0,0,0,1,0,0,0,0,0,0,0,0,0,0,0,0,3,0,0,0,0,0,0,1,0,0,0,0,1,0,0,0,0,0,0,0,0,0,5,0,3,0,13,0,0,0,0,0,0,0,0,1,5,0,3,0,0,0,0,0,0,0,0,0
"E01006563",1744,1522,16,0,7,8,31,3,0,9,2,0,11,2,35,11,0,1,1,0,0,0,0,0,0,0,0,0,0,7,0,0,0,0,2,0,0,0,0,0,0,0,0,0,0,0,0,16,2,0,0,0,1,0,0,1,0,0,0,5,0,1,0,1,0,0,0,0,0,3,0,6,0,11,0,0,0,0,0,0,0,11,0,0,0,16,0,0,0,2,0,0,0,0,0
"E01006564",1721,1578,20,0,1,9,10,2,2,35,0,0,10,0,14,1,0,2,0,0,0,0,0,0,0,0,0,0,0,1,0,0,0,0,0,0,0,0,0,0,0,0,0,0,0,0,0,8,9,0,0,0,1,0,0,0,0,0,0,0,2,0,0,0,1,0,0,0,0,0,0,2,0,12,0,0,0,0,0,0,0,0,0,0,1,0,0,0,0,0,0,0,0,0,0
"E01006565",1549,1434,22,0,0,8,6,2,8,50,0,0,0,0,0,0,0,5,0,0,0,0,0,0,0,0,0,0,0,0,0,0,0,0,0,0,0,0,0,0,0,1,0,0,0,0,0,3,0,0,0,0,0,0,1,0,0,0,0,0,0,0,0,0,0,4,0,1,1,1,0,0,0,0,0,0,0,0,0,0,0,1,0,0,0,1,0,0,0,0,0,0,0,0,0
"E01006566",1506,1362,26,0,1,10,8,5,0,7,5,0,14,1,20,4,0,0,0,0,0,0,0,0,0,0,0,0,2,7,0,0,0,0,0,0,0,0,0,5,0,0,0,0,0,0,0,0,1,1,2,0,0,0,2,1,0,0,0,8,0,0,0,0,0,0,0,0,1,1,0,1,0,0,0,0,6,0,0,0,0,4,0,1,0,0,0,0,0,0,0,0,0,0,0
"E01006567",1655,1540,13,1,3,0,13,2,1,24,8,1,5,0,11,0,0,11,0,0,0,0,0,0,0,1,0,0,0,0,0,0,0,0,1,0,0,0,0,0,0,1,0,0,0,0,0,9,0,1,0,0,0,0,1,1,0,0,0,0,0,0,0,0,0,1,0,0,1,0,0,4,0,0,0,0,0,0,0,0,0,0,0,0,1,0,0,0,0,0,0,0,0,0,0
"E01006568",1617,1499,26,0,5,9,4,8,3,0,5,0,12,0,23,0,0,1,0,0,0,0,0,0,0,0,2,0,0,0,0,0,0,0,0,0,0,0,0,1,0,0,0,0,0,0,0,6,1,0,0,0,0,0,0,0,0,0,0,0,1,0,0,0,0,0,0,0,0,0,0,5,0,5,0,0,0,0,0,0,0,0,0,0,0,0,0,0,0,0,0,0,0,0,1
"E01006569",1429,1359,19,0,0,3,10,3,5,0,1,0,3,0,8,2,0,1,3,0,0,1,0,0,0,0,0,0,1,2,0,0,0,0,0,0,0,0,0,0,0,1,0,0,0,0,0,0,0,0,0,0,0,0,0,0,0,0,0,0,1,0,0,0,0,0,0,0,1,0,0,4,0,0,0,0,0,0,0,0,0,0,0,0,0,1,0,0,0,0,0,0,0,0,0
"E01006570",1479,1394,13,0,0,8,2,2,2,15,0,0,11,0,3,2,0,2,0,0,0,0,1,0,0,0,0,0,4,2,0,0,0,0,0,0,0,0,0,0,0,0,0,0,1,0,0,5,0,1,0,0,0,0,2,0,0,0,0,1,2,0,0,0,0,0,0,0,0,0,0,2,0,1,0,0,0,0,0,0,0,0,0,0,0,1,0,0,0,0,0,0,0,2,0
"E01006571",1470,1404,12,0,1,1,1,3,0,5,0,0,5,0,12,1,0,1,0,0,0,0,0,0,0,0,0,0,0,13,0,0,0,0,0,0,0,0,0,0,1,0,0,0,0,0,0,1,1,0,0,0,0,0,0,0,0,0,0,0,0,0,0,0,0,0,0,0,0,3,0,2,0,3,0,0,0,0,0,0,0,0,0,0,0,0,0,0,0,0,0,0,0,0,0
"E01006572",1207,1118,9,1,9,3,6,6,1,6,0,0,0,0,8,1,0,1,0,0,0,0,0,0,0,6,0,0,2,7,0,0,0,0,0,0,0,0,0,0,0,2,0,0,0,0,0,0,4,0,0,0,1,0,2,0,0,0,0,0,0,1,0,0,0,0,0,0,0,2,0,0,0,6,0,0,0,0,0,0,0,0,0,0,0,0,0,0,5,0,0,0,0,0,0
"E01006573",1501,1382,15,1,2,11,2,5,0,30,0,0,18,0,10,1,1,3,0,0,0,0,0,0,0,0,0,0,0,2,0,0,0,0,0,0,0,0,0,0,0,0,0,0,0,0,0,1,0,0,0,0,0,0,0,0,0,0,0,0,1,0,0,0,0,0,0,0,0,0,0,4,0,0,0,0,0,0,0,0,1,1,0,0,0,10,0,0,0,0,0,0,0,0,0
"E01006574",1388,1277,14,0,2,21,6,6,3,4,0,0,5,0,5,1,0,6,0,0,0,0,0,0,0,0,0,0,0,8,0,0,0,0,3,0,0,0,0,0,0,0,0,0,0,0,0,5,9,0,0,0,0,0,0,0,0,0,0,0,0,0,0,0,0,0,0,0,0,4,0,1,0,8,0,0,0,0,0,0,0,0,0,0,0,0,0,0,0,0,0,0,0,0,0
"E01006575",1294,1172,19,0,7,11,7,9,0,2,8,6,9,0,6,1,0,8,0,0,0,0,0,0,2,1,0,0,0,4,0,0,0,0,0,0,0,0,0,2,0,0,0,0,0,0,0,1,0,0,0,0,1,0,0,0,0,0,0,0,0,0,0,0,0,4,0,0,2,0,0,1,0,4,0,0,0,0,0,0,0,4,0,0,0,2,0,0,0,0,1,0,0,0,0
"E01006576",1693,1611,13,0,1,7,3,4,0,8,4,1,13,0,1,2,0,7,0,0,0,0,1,0,0,0,0,0,1,3,0,0,0,0,0,0,0,0,0,0,0,1,0,0,0,0,0,6,0,0,0,0,0,0,2,0,0,0,0,0,0,0,0,0,0,0,0,0,0,0,0,3,0,0,0,0,0,0,0,0,0,0,0,0,0,0,0,0,0,0,1,0,0,0,0
"E01006577",1503,1372,36,0,4,8,7,3,2,12,6,0,10,2,13,0,0,1,0,0,0,0,1,0,0,0,0,0,4,4,0,0,0,0,0,0,0,0,0,1,0,0,0,0,0,1,0,3,0,0,0,0,2,0,1,1,0,0,0,1,0,0,0,0,0,0,0,0,1,0,0,3,0,0,0,0,0,0,0,0,0,0,0,0,1,0,0,0,0,0,0,1,0,2,0
"E01006578",1380,1298,2,0,2,8,1,3,0,13,4,0,17,0,4,3,0,0,0,0,0,0,0,0,1,0,0,0,0,1,0,0,0,0,0,0,0,0,0,0,0,0,0,0,0,0,0,8,4,1,0,0,1,0,0,0,0,0,0,0,0,0,0,0,0,1,0,0,1,0,0,2,0,0,0,0,0,0,0,0,0,4,0,0,0,0,0,0,1,0,0,0,0,0,0
"E01006579",1643,1494,16,0,4,9,8,22,4,3,20,9,9,0,2,0,0,12,1,0,0,0,0,0,1,0,0,0,0,0,0,0,0,0,0,0,0,0,0,3,0,0,0,0,1,0,0,6,1,3,0,0,3,0,1,0,0,0,0,1,0,0,0,0,0,0,0,6,0,0,1,1,0,0,0,0,0,0,0,0,0,0,0,0,2,0,0,0,0,0,0,0,0,0,0
"E01006580",1335,1212,9,0,4,1,1,6,0,24,3,0,38,0,1,2,0,1,2,0,0,0,0,0,1,0,0,0,0,4,0,0,0,0,0,0,0,0,0,0,0,0,0,0,0,0,0,11,0,3,0,0,0,0,2,0,0,0,0,0,0,0,0,0,0,0,0,0,1,0,0,4,0,0,0,0,0,0,0,0,0,2,0,0,3,0,0,0,0,0,0,0,0,0,0
"E01006581",1559,1440,20,0,6,9,5,1,2,9,8,0,17,0,12,3,0,0,0,0,0,0,0,0,0,0,0,0,0,0,0,0,0,0,0,0,0,0,0,0,0,1,1,0,0,0,0,1,0,3,0,0,1,1,1,0,0,4,0,0,0,0,0,0,0,0,0,0,2,1,1,8,0,2,0,0,0,0,0,0,0,0,0,0,0,0,0,0,0,0,0,0,0,0,0
"E01006582",1642,1491,36,0,2,3,5,8,2,8,20,0,16,0,3,6,1,4,2,0,0,0,0,0,1,0,0,0,0,5,0,0,0,0,0,2,0,0,0,1,0,1,0,0,0,0,0,8,0,4,0,0,1,0,3,0,0,0,0,0,0,0,0,0,0,2,0,0,2,2,0,2,0,0,0,0,0,0,0,0,0,0,0,1,0,0,0,0,0,0,0,0,0,0,0
"E01006583",1758,1593,76,1,2,7,4,1,0,14,0,0,20,0,9,3,0,6,1,0,0,0,0,0,1,0,1,0,0,4,0,0,0,0,0,1,0,0,0,0,0,0,0,0,0,0,0,2,0,1,4,0,0,0,0,0,0,0,0,0,0,0,0,0,0,0,0,0,2,0,0,4,0,0,0,0,0,0,0,0,0,1,0,0,0,0,0,0,0,0,0,0,0,0,0
"E01006584",1393,1339,18,0,0,3,6,0,0,11,0,0,2,0,9,0,0,1,0,0,0,0,0,0,0,0,0,0,0,1,0,0,0,0,0,0,0,0,0,0,0,0,0,0,0,0,0,0,0,0,0,0,0,0,1,0,0,0,0,0,0,0,0,0,0,0,0,0,0,0,1,1,0,0,0,0,0,0,0,0,0,0,0,0,0,0,0,0,0,0,0,0,0,0,0
"E01006585",1354,1241,4,0,2,9,2,9,0,9,1,0,22,3,25,0,0,10,0,0,0,0,0,0,0,0,0,0,2,0,0,0,0,0,0,0,0,0,0,0,0,0,0,0,0,0,0,2,0,0,0,0,2,0,0,0,0,0,0,0,0,0,0,0,0,8,0,0,0,2,0,0,0,1,0,0,0,0,0,0,0,0,0,0,0,0,0,0,0,0,0,0,0,0,0
"E01006586",1899,1634,22,1,0,19,28,14,13,13,7,0,43,1,19,5,0,6,0,0,0,0,0,0,1,1,0,0,3,6,0,0,0,0,1,0,0,0,0,3,0,4,0,0,0,0,0,3,0,0,1,0,6,0,4,0,0,0,0,11,1,1,0,0,0,2,0,2,1,1,0,8,0,0,0,0,0,0,1,0,0,1,0,0,4,3,0,0,4,0,1,0,0,0,0
"E01006587",1624,1376,16,0,9,29,17,15,2,6,2,0,56,2,4,1,0,29,0,0,0,1,0,0,0,0,0,0,2,5,0,1,1,0,0,0,0,0,0,2,0,0,0,0,0,0,0,14,0,1,0,0,1,0,0,0,0,0,0,3,0,0,0,0,0,0,0,8,0,0,0,12,0,6,0,0,0,0,0,0,0,0,0,0,1,1,0,0,0,0,0,1,0,0,0
"E01006588",1569,1313,58,6,9,15,13,4,2,7,7,0,16,2,17,4,0,18,5,0,0,1,0,0,0,0,0,0,1,1,0,0,0,0,1,0,0,0,0,1,0,0,0,0,0,0,0,10,0,1,0,0,3,0,3,0,0,1,0,4,1,0,1,0,0,0,0,0,3,3,1,11,0,18,0,0,0,0,0,0,0,5,0,0,0,0,0,0,0,1,2,0,0,0,0
"E01006589",1518,1350,15,0,5,11,12,20,7,26,6,2,17,2,6,3,2,6,0,0,0,0,0,0,0,0,0,0,3,5,0,0,0,0,0,0,0,0,0,2,0,3,0,0,0,0,0,4,0,2,0,0,0,0,1,0,0,0,0,0,0,0,0,0,0,0,0,0,1,0,0,2,0,0,0,0,0,0,0,0,0,0,0,0,0,0,0,0,3,1,0,1,0,0,0
"E01006590",1642,1409,56,0,4,7,15,14,0,19,11,4,6,0,9,5,2,5,0,0,0,0,0,0,0,2,0,0,2,3,0,0,0,0,0,0,0,0,0,3,0,0,0,0,0,0,0,12,2,0,0,0,2,0,0,0,0,1,0,2,1,1,0,0,0,0,0,0,6,7,0,21,0,7,0,0,0,0,0,0,0,3,0,0,0,0,0,0,0,0,1,0,0,0,0
"E01006591",1633,1356,81,0,5,14,18,8,6,17,26,0,8,0,9,12,3,17,0,0,0,0,0,0,1,0,0,0,2,5,0,5,0,0,0,0,0,0,0,5,0,0,0,0,0,0,0,2,0,0,1,0,3,0,0,0,0,0,0,0,0,2,0,0,0,1,0,0,6,2,0,14,1,1,0,0,0,0,1,0,0,1,0,0,0,0,0,0,0,0,0,0,0,0,0
"E01006592",1565,1390,51,0,10,9,3,14,4,2,13,2,8,0,11,1,0,0,0,0,0,0,0,0,0,3,0,0,1,3,0,0,0,0,0,0,0,4,0,6,0,0,0,0,0,0,0,7,1,1,0,0,0,0,2,0,0,1,0,1,0,0,0,0,2,0,0,0,1,0,0,6,0,4,0,0,0,0,0,0,0,0,0,0,0,3,0,0,1,0,0,0,0,0,0
"E01006593",1541,1292,48,0,14,11,18,14,8,4,6,0,29,0,16,3,2,7,0,0,0,2,0,0,0,2,1,0,1,5,0,0,0,0,0,0,0,0,0,5,0,3,0,0,0,0,0,9,0,2,0,0,0,0,2,0,0,0,0,0,1,0,0,0,0,0,0,0,3,1,0,27,0,0,0,0,0,0,0,0,0,0,0,0,2,3,0,0,0,0,0,0,0,0,0
"E01006594",1410,1213,22,0,10,6,1,17,0,43,4,2,30,4,1,4,0,21,0,1,0,0,3,0,1,0,0,0,0,0,0,0,0,2,1,0,0,0,0,1,0,0,0,0,0,0,0,2,1,0,0,0,7,0,1,0,0,0,0,0,0,0,3,0,0,0,0,4,0,0,0,3,0,1,0,0,0,0,0,0,0,0,0,0,0,0,0,0,0,0,0,0,0,0,1
"E01006595",1745,1580,25,0,4,15,13,10,0,11,16,1,21,0,21,1,3,0,0,1,0,0,0,0,3,0,0,0,0,0,0,0,0,0,0,0,0,0,0,0,0,0,0,0,0,0,0,4,0,0,0,0,4,0,1,0,0,0,0,0,1,0,0,0,0,0,0,4,2,0,0,4,0,0,0,0,0,0,0,0,0,0,0,0,0,0,0,0,0,0,0,0,0,0,0
"E01006596",1451,1233,29,1,6,19,4,12,0,12,26,7,25,0,10,2,1,12,0,0,0,0,0,0,2,0,2,0,0,3,0,0,1,0,3,0,0,0,0,2,0,1,0,0,0,0,0,4,0,0,0,2,5,0,0,1,0,0,0,0,0,1,0,0,0,0,0,0,2,0,0,15,0,0,0,0,0,0,0,0,0,0,0,0,1,5,0,0,0,0,2,0,0,0,0
"E01006597",1667,1497,33,0,6,12,6,17,4,9,14,12,4,0,8,2,0,8,3,0,0,0,0,0,0,0,0,0,1,0,0,0,0,0,0,0,0,0,0,1,0,2,0,0,2,0,0,3,2,6,0,0,0,1,0,0,0,1,0,0,0,0,0,0,0,0,2,0,1,1,2,2,0,2,0,0,0,0,0,0,0,0,0,1,0,2,0,0,0,0,0,0,0,0,0
"E01006598",1361,1291,3,0,8,1,1,3,0,6,1,0,5,0,8,2,2,1,0,0,0,4,0,0,0,2,0,0,0,0,0,0,0,0,0,0,0,0,0,0,0,0,0,0,0,0,0,3,1,0,0,0,1,0,2,0,0,0,0,1,0,0,0,0,1,0,0,0,0,0,0,1,0,13,0,0,0,0,0,0,0,0,0,0,0,0,0,0,0,0,0,0,0,0,0
"E01006599",1121,1036,6,0,0,0,6,1,0,6,0,0,5,0,15,0,0,0,0,0,0,0,0,0,0,0,0,0,1,1,0,0,0,0,0,0,0,0,0,0,0,0,0,0,0,0,0,5,4,0,0,0,1,0,0,0,0,0,0,0,0,0,0,0,0,0,0,3,0,2,0,2,0,24,0,0,0,0,0,0,0,0,0,0,0,1,0,0,0,2,0,0,0,0,0
"E01006600",1407,1362,7,0,4,6,3,2,0,2,0,0,2,0,0,0,0,2,0,0,0,0,0,0,0,3,0,0,0,0,0,0,0,0,0,1,0,0,0,0,0,1,0,0,0,0,0,1,0,0,0,0,1,0,0,0,0,0,0,0,0,0,0,0,2,0,0,2,1,0,0,0,0,5,0,0,0,0,0,0,0,0,0,0,0,0,0,0,0,0,0,0,0,0,0
"E01006603",1410,1362,3,0,1,3,5,5,1,2,0,0,9,0,9,1,0,0,1,0,0,0,0,0,0,0,0,0,0,0,0,0,0,0,1,0,0,0,0,2,0,0,0,0,0,0,0,0,1,0,0,0,1,0,0,0,0,0,0,0,0,0,0,0,0,0,0,1,0,2,0,0,0,0,0,0,0,0,0,0,0,0,0,0,0,0,0,0,0,0,0,0,0,0,0
"E01006604",1367,1333,3,1,0,3,1,0,0,0,0,0,6,0,7,2,0,0,0,0,0,0,0,0,0,0,0,0,0,1,0,0,0,0,0,0,0,0,0,0,0,0,0,0,0,0,0,3,0,0,0,0,3,0,0,0,0,0,0,1,1,0,0,0,0,0,0,0,0,0,0,1,0,0,0,0,0,0,0,0,0,0,0,0,0,1,0,0,0,0,0,0,0,0,0
"E01006605",1531,1465,14,0,2,6,4,1,0,0,0,0,10,0,7,1,0,0,1,0,0,0,0,0,0,0,0,0,0,1,0,0,0,2,0,0,0,0,0,1,0,0,0,0,0,0,0,0,0,3,0,0,0,0,0,0,0,0,0,0,0,0,0,0,0,0,0,0,1,1,1,1,0,1,0,0,0,0,0,0,0,3,0,0,0,1,0,0,4,0,0,0,0,0,0
"E01006606",1521,1441,14,0,6,7,0,2,0,0,1,0,2,2,10,3,0,1,0,0,0,0,0,0,0,0,1,0,0,1,0,0,0,0,0,0,0,0,0,0,0,0,0,0,0,0,0,1,4,0,0,0,1,0,1,0,0,0,0,0,0,0,0,0,2,0,0,1,0,0,0,1,0,16,0,0,0,0,0,0,0,2,0,0,1,0,0,0,0,0,0,0,0,0,0
"E01006607",1531,1496,7,0,6,5,3,2,1,0,1,0,3,0,0,2,0,0,0,0,0,0,0,0,0,0,0,0,0,0,0,0,0,0,1,0,0,0,0,0,0,0,0,0,0,0,0,1,0,0,0,0,0,0,1,0,0,0,0,0,0,0,0,0,0,0,0,0,0,0,0,0,0,1,0,0,0,0,0,0,0,0,0,0,0,1,0,0,0,0,0,0,0,0,0
"E01006608",1215,1187,3,0,1,0,0,0,0,1,0,0,5,0,5,1,0,0,0,0,0,0,0,0,0,0,0,0,0,0,0,0,0,0,0,0,0,0,0,0,0,0,0,0,0,0,0,5,0,0,0,0,0,0,0,0,0,0,3,0,0,0,0,0,0,0,0,0,0,2,0,0,0,2,0,0,0,0,0,0,0,0,0,0,0,0,0,0,0,0,0,0,0,0,0
"E01006609",1283,1211,7,0,6,3,5,3,0,0,0,0,19,0,5,0,0,10,0,0,0,0,0,0,1,0,0,0,0,0,0,0,0,0,0,0,0,0,0,0,0,2,0,0,0,0,0,5,0,0,0,0,2,0,0,0,0,0,0,0,0,0,0,0,0,0,0,0,0,2,0,2,0,0,0,0,0,0,0,0,0,0,0,0,0,0,0,0,0,0,0,0,0,0,0
"E01006610",1397,1321,12,0,4,12,4,0,1,5,0,0,3,6,9,2,0,0,0,0,0,0,0,0,0,0,0,0,0,1,0,0,0,0,0,0,0,0,0,0,0,2,0,0,0,0,0,0,0,0,0,0,2,0,0,0,0,0,1,1,0,0,0,0,0,0,0,0,1,1,3,0,0,3,0,0,0,0,0,0,0,2,0,0,0,0,0,0,1,0,0,0,0,0,0
"E01006611",1291,1209,8,0,4,3,1,1,1,1,0,0,7,0,15,1,0,1,0,4,0,0,0,0,0,3,0,0,0,4,0,0,0,0,0,0,0,0,0,0,0,1,0,0,0,0,0,5,0,0,0,0,0,0,0,0,0,0,0,0,0,0,0,0,0,0,0,0,0,1,0,8,0,13,0,0,0,0,0,0,0,0,0,0,0,0,0,0,0,0,0,0,0,0,0
"E01006612",1495,1444,7,0,2,7,3,1,1,0,0,0,0,1,10,1,1,5,0,0,0,0,0,0,0,0,0,0,0,1,0,0,0,0,0,0,0,0,0,2,0,0,0,0,0,0,0,1,0,0,0,0,3,0,0,0,0,0,0,0,0,0,0,0,0,0,0,0,0,0,0,4,0,0,0,0,0,0,0,0,0,0,0,0,1,0,0,0,0,0,0,0,0,0,0
"E01006613",1360,1325,10,0,1,2,5,3,0,0,1,0,1,1,0,0,0,2,0,0,0,0,0,0,0,0,0,0,0,1,0,0,0,0,0,0,0,0,0,0,0,0,0,0,0,0,0,0,1,0,0,0,0,0,0,0,0,0,0,0,0,0,0,0,0,0,0,0,1,0,0,0,0,3,0,0,0,0,0,0,0,3,0,0,0,0,0,0,0,0,0,0,0,0,0
"E01006614",1322,1255,6,0,3,6,1,2,0,0,6,2,11,0,1,3,1,4,0,0,0,0,0,0,0,0,0,0,0,2,0,0,0,0,0,0,0,0,0,0,0,0,0,0,0,0,0,4,0,0,0,0,0,0,0,0,0,0,0,0,0,0,0,1,0,0,0,0,0,0,0,1,0,11,0,0,0,0,0,0,0,2,0,0,0,0,0,0,0,0,0,0,0,0,0
"E01006615",1302,1241,12,0,3,9,1,0,1,0,0,0,18,0,3,0,0,0,0,0,0,0,0,0,1,0,0,0,0,0,0,0,0,0,0,0,0,0,0,0,0,0,0,0,0,0,0,1,0,1,0,0,0,0,0,0,0,0,0,0,1,0,0,0,0,0,0,0,0,1,1,1,0,2,0,0,0,0,0,0,0,3,0,0,0,0,0,0,2,0,0,0,0,0,0
"E01006616",1428,1358,19,1,3,3,2,3,2,0,0,0,4,0,6,0,0,12,0,0,0,0,0,0,0,0,0,0,1,0,0,0,0,0,0,0,0,0,0,0,0,0,0,0,0,0,0,3,1,0,0,0,0,0,0,0,0,0,0,0,0,0,0,0,0,0,0,0,1,2,0,0,0,7,0,0,0,0,0,0,0,0,0,0,0,0,0,0,0,0,0,0,0,0,0
"E01006617",1421,1352,9,0,1,4,3,1,2,4,10,0,5,0,3,0,0,9,0,0,0,0,0,0,0,0,0,0,0,0,0,0,0,0,0,0,0,0,0,1,0,0,0,0,0,0,0,2,1,0,0,0,1,0,4,0,0,0,0,0,0,0,0,0,0,0,0,1,0,0,0,0,0,7,0,0,0,0,0,0,0,1,0,0,0,0,0,0,0,0,0,0,0,0,0
"E01006618",1639,1603,5,0,2,5,1,3,0,0,1,0,0,0,0,1,0,6,0,0,0,0,0,0,0,0,3,3,4,0,0,0,0,0,0,0,0,0,0,1,0,0,0,0,0,0,0,0,0,0,0,0,0,0,0,0,0,0,0,0,0,0,0,0,0,0,0,0,0,0,0,0,0,0,0,0,0,0,0,0,0,0,0,0,0,1,0,0,0,0,0,0,0,0,0
"E01006619",1599,1520,20,0,2,2,2,3,0,2,0,0,1,1,8,0,0,1,1,0,0,0,0,0,0,1,0,0,0,1,0,0,0,0,0,0,0,0,0,0,0,0,0,0,0,0,0,0,4,8,0,0,1,0,0,0,0,0,0,3,1,0,0,0,0,0,0,0,0,2,0,4,0,8,0,0,0,0,0,0,0,2,0,0,0,1,0,0,0,0,0,0,0,0,0
"E01006620",1417,1371,9,0,0,6,1,0,0,1,0,0,8,0,5,2,1,7,0,0,0,0,0,0,0,0,0,0,0,1,0,0,0,0,0,0,0,0,0,0,0,0,0,0,0,0,0,1,0,0,0,0,0,0,0,0,0,0,0,0,0,0,0,0,0,0,0,0,0,0,0,0,0,0,0,0,0,0,0,0,0,3,0,0,1,0,0,0,0,0,0,0,0,0,0
"E01006621",1468,1350,17,0,0,4,2,0,0,27,3,0,15,0,6,1,0,14,0,0,5,0,0,0,0,0,0,0,0,1,0,0,0,0,0,0,0,0,0,0,0,0,0,0,0,0,0,4,0,5,0,0,0,0,1,0,0,0,0,1,0,0,0,0,5,0,0,0,0,2,1,2,0,1,0,0,0,0,0,0,0,0,0,0,1,0,0,0,0,0,0,0,0,0,0
"E01006622",1519,1469,15,1,5,6,0,1,1,2,0,4,0,0,1,0,0,0,0,0,0,0,0,0,0,0,0,0,0,0,0,0,0,0,0,0,0,0,0,1,0,1,0,0,4,0,0,0,0,0,0,0,0,0,3,1,0,0,0,0,0,0,0,0,0,0,0,0,1,0,0,0,0,2,0,0,0,0,0,0,0,0,0,0,1,0,0,0,0,0,0,0,0,0,0
"E01006623",1462,1335,8,1,2,3,0,5,0,19,3,0,59,0,5,0,0,6,0,0,0,0,0,0,0,0,0,0,0,1,0,1,0,0,0,0,0,0,0,0,0,2,0,0,0,0,0,2,0,0,0,0,1,0,0,1,0,0,0,0,0,0,0,0,0,0,0,0,0,0,0,5,0,0,0,0,0,0,1,0,0,0,0,0,0,0,0,0,0,0,0,0,1,1,0
"E01006624",1556,1407,17,0,4,4,4,2,1,4,12,0,38,0,28,4,0,1,0,0,0,0,0,0,0,0,0,0,0,1,0,1,0,0,1,0,0,0,0,0,0,0,0,0,0,0,0,0,0,0,0,0,0,1,1,1,0,0,0,0,0,0,0,0,0,0,0,0,0,0,0,5,0,19,0,0,0,0,0,0,0,0,0,0,0,0,0,0,0,0,0,0,0,0,0
"E01006625",1416,1375,10,0,1,2,5,0,0,0,0,0,13,1,1,0,0,0,0,0,0,0,0,0,0,0,0,0,0,1,0,0,0,1,0,0,0,0,0,0,0,0,0,0,0,0,0,0,0,0,0,0,0,0,0,0,0,0,0,0,0,0,0,0,0,3,0,0,1,0,0,0,0,0,0,0,0,0,0,0,0,2,0,0,0,0,0,0,0,0,0,0,0,0,0
"E01006626",1448,1376,9,1,4,1,2,3,0,4,1,0,9,2,3,3,0,3,0,0,0,0,0,0,0,0,0,0,0,4,0,0,0,0,0,0,0,0,0,0,0,0,0,0,0,0,0,3,0,0,0,0,0,0,0,0,0,0,0,0,0,0,0,0,1,8,0,0,0,1,3,0,0,6,0,0,0,0,1,0,0,0,0,0,0,0,0,0,0,0,0,0,0,0,0
"E01006627",1378,1307,6,0,0,4,2,3,0,1,1,0,14,0,11,2,0,4,0,0,0,0,0,0,1,0,0,0,0,1,0,1,0,0,0,0,0,0,0,0,0,1,0,0,0,0,0,1,1,0,0,0,0,0,1,0,0,0,0,1,0,0,0,0,0,0,0,0,1,0,0,5,0,4,0,0,0,0,0,0,0,0,0,0,2,0,0,0,0,2,0,0,0,1,0
"E01006628",1874,1465,96,0,4,23,30,22,7,18,14,1,58,1,45,7,0,9,3,0,0,0,0,0,0,1,0,0,3,7,0,0,0,0,1,0,0,0,0,0,0,1,0,0,0,0,0,16,1,1,0,0,4,0,3,0,0,0,0,0,0,0,0,0,1,0,0,0,3,2,0,15,0,8,0,0,0,0,2,0,0,2,0,0,0,0,0,0,0,0,0,0,0,0,0
"E01006629",1255,1115,18,0,4,15,6,3,3,7,8,0,19,0,8,9,1,5,1,7,0,0,0,0,1,0,0,0,1,8,0,0,0,0,0,0,0,0,0,1,0,5,0,0,0,0,0,3,0,0,0,0,0,0,0,0,0,0,0,0,1,0,0,0,0,0,0,0,1,0,0,2,0,0,0,0,0,0,0,0,0,1,0,0,0,0,0,0,0,0,1,1,0,0,0
"E01006630",1338,1087,18,0,3,16,22,5,4,7,1,0,30,0,61,10,0,44,0,0,0,0,0,0,0,0,0,0,2,8,0,2,0,0,0,0,0,0,0,2,0,0,0,0,0,0,0,2,0,0,0,0,1,0,0,0,0,0,0,0,0,0,0,0,0,4,0,0,0,1,0,0,0,0,0,0,0,0,3,0,0,0,0,0,0,2,0,0,3,0,0,0,0,0,0
"E01006632",1842,1581,12,0,4,19,6,9,3,21,4,2,15,0,38,2,1,47,0,1,0,0,0,0,0,0,0,0,0,13,0,0,0,0,0,0,0,0,0,1,0,0,0,0,0,0,0,1,0,0,0,0,2,0,0,0,0,0,0,22,0,0,0,0,0,0,0,0,3,5,1,6,0,15,0,0,0,0,0,0,0,0,0,0,2,5,0,0,0,0,0,0,0,0,1
"E01006633",1432,1329,5,0,7,7,15,1,2,0,0,0,4,0,0,3,1,10,1,5,0,0,0,0,1,0,0,0,0,3,0,0,0,0,0,0,0,0,1,0,0,0,0,0,0,0,0,9,0,4,0,0,0,0,0,0,0,0,0,0,1,0,0,1,0,0,0,0,0,7,0,1,0,12,0,0,0,0,0,0,0,0,0,0,2,0,0,0,0,0,0,0,0,0,0
"E01006637",1596,1353,4,3,17,8,5,2,1,40,0,0,15,2,73,0,0,8,0,0,0,0,0,0,0,2,0,0,0,0,0,0,0,0,0,0,0,0,0,1,0,4,0,0,0,0,0,7,12,0,0,0,0,0,0,0,0,0,0,0,0,0,0,0,0,0,0,0,2,4,0,0,0,31,0,0,0,0,0,0,0,0,0,0,0,1,0,0,0,1,0,0,0,0,0
"E01006638",1219,1095,3,0,3,6,13,1,0,13,0,6,16,0,27,0,0,0,0,0,0,0,0,0,0,0,0,0,0,2,0,0,0,0,0,0,0,0,0,0,0,0,0,0,0,0,0,8,4,0,0,0,2,0,0,0,0,0,0,4,0,0,0,0,0,0,0,0,0,0,0,1,0,10,0,0,0,0,0,0,0,1,0,0,0,4,0,0,0,0,0,0,0,0,0
"E01006639",1509,1417,4,0,6,6,4,1,4,15,0,0,23,0,10,0,0,0,0,0,0,0,0,0,3,0,0,0,0,0,0,0,0,0,0,0,0,0,0,1,0,0,0,0,0,0,0,2,1,1,0,0,0,0,0,0,0,0,0,0,0,0,0,1,2,0,0,0,1,0,5,2,0,0,0,0,0,0,0,0,0,0,0,0,0,0,0,0,0,0,0,0,0,0,0
"E01006640",1880,1727,16,0,0,15,4,1,0,8,15,0,33,0,5,1,2,10,0,0,0,0,0,0,0,2,0,0,0,2,0,0,0,0,0,3,0,0,0,1,0,0,0,0,0,0,0,11,0,1,0,0,0,0,0,0,0,0,0,0,0,1,0,0,0,0,0,8,1,1,0,2,0,6,0,0,0,0,1,0,0,1,0,0,1,0,0,0,0,0,0,1,0,0,0
"E01006641",1740,1387,9,0,1,2,3,8,0,151,1,0,43,5,16,0,1,2,0,0,0,0,0,0,0,0,0,0,3,5,0,0,0,0,10,0,0,0,0,0,0,3,0,0,0,0,0,1,46,0,1,0,4,0,0,0,0,0,0,3,0,0,0,0,0,0,0,1,0,4,2,11,0,12,0,0,0,0,0,0,0,0,0,0,0,5,0,0,0,0,0,0,0,0,0
"E01006642",1290,1205,13,1,4,5,0,6,2,15,0,0,11,0,10,3,0,1,0,0,0,0,0,0,0,0,0,0,0,0,0,0,0,0,0,0,0,0,0,0,0,3,0,0,0,0,0,0,3,0,0,0,0,0,0,0,0,0,0,0,0,0,0,0,0,0,0,0,0,0,0,1,0,4,0,0,0,0,1,0,0,0,0,0,2,0,0,0,0,0,0,0,0,0,0
"E01006643",1822,1663,18,0,0,16,10,9,4,25,1,0,7,0,29,1,0,6,0,0,0,0,0,0,0,1,0,0,0,1,0,0,0,0,0,0,0,0,0,0,0,0,0,0,0,0,0,5,10,0,0,0,0,0,0,0,0,0,0,0,0,0,0,0,0,0,0,0,0,0,2,1,0,8,0,0,0,0,0,0,0,4,0,0,1,0,0,0,0,0,0,0,0,0,0
"E01006644",2040,1886,16,0,4,18,8,10,0,2,0,7,19,0,22,0,0,2,0,0,0,0,0,0,1,0,0,0,0,7,0,0,0,0,1,0,0,0,0,1,0,0,0,0,0,0,0,2,9,3,0,0,0,0,1,0,0,0,0,0,0,0,0,0,2,0,0,0,2,1,0,5,0,11,0,0,0,0,0,0,0,0,0,0,0,0,0,0,0,0,0,0,0,0,0
"E01006645",1424,1347,9,0,0,2,5,2,5,1,0,0,10,0,19,0,0,0,0,0,0,0,0,0,0,1,0,0,0,1,0,0,0,0,0,0,0,0,0,0,0,0,0,0,0,0,0,4,1,0,0,0,0,0,0,0,0,0,0,0,1,0,0,0,0,0,0,0,0,0,0,4,0,12,0,0,0,0,0,0,0,0,0,0,0,0,0,0,0,0,0,0,0,0,0
"E01006646",1899,1519,35,1,13,12,13,11,3,25,2,2,42,8,26,8,0,46,0,0,0,0,0,0,2,9,0,0,0,9,0,1,0,0,0,0,0,1,0,1,0,3,0,0,0,0,0,9,1,7,0,0,0,0,3,0,0,0,0,1,0,1,0,0,1,0,0,2,1,12,0,14,0,54,0,0,0,0,0,0,0,1,0,0,0,0,0,0,0,0,0,0,0,0,0
"E01006647",1422,1293,8,0,8,16,9,0,2,0,1,4,7,0,25,2,1,5,0,0,0,0,0,0,0,1,0,0,0,2,0,0,0,0,0,0,0,0,0,1,0,1,0,0,0,0,0,13,0,2,0,0,0,0,0,0,0,0,0,4,0,0,0,0,0,0,0,2,1,8,0,1,0,1,0,0,1,0,0,0,0,0,0,0,1,2,0,0,0,0,0,0,0,0,0
"E01006648",2175,1782,43,0,13,21,13,11,1,40,8,4,27,0,32,3,0,42,0,0,0,0,0,0,3,0,0,0,1,2,0,0,0,4,0,0,1,1,0,2,0,0,0,0,0,0,0,11,5,2,0,0,6,0,2,0,0,0,0,0,0,2,0,0,0,0,0,0,1,14,5,28,0,40,0,0,0,0,0,0,0,0,0,0,0,1,0,2,0,0,1,0,0,1,0
"E01006651",1642,1534,10,0,7,4,1,6,3,13,5,0,18,0,8,1,0,3,0,0,0,0,0,0,0,0,0,0,2,3,0,0,0,0,0,0,0,0,0,2,0,1,0,0,2,0,0,4,0,0,0,0,1,0,0,0,0,0,0,0,2,1,0,0,1,0,0,0,1,0,0,1,0,4,0,0,0,0,0,0,0,0,0,0,1,1,0,0,0,0,0,0,2,0,0
"E01006652",1505,1412,14,0,0,1,1,0,0,41,4,0,6,0,0,0,0,7,0,0,0,0,0,0,0,0,0,0,1,0,0,0,0,0,0,0,0,0,0,1,0,0,0,0,0,0,0,6,0,0,0,0,2,0,0,0,0,0,0,0,1,0,0,0,0,0,0,0,0,1,0,2,0,4,0,0,0,0,0,0,0,0,0,0,0,0,0,0,0,0,1,0,0,0,0
"E01006653",1520,1437,10,0,1,3,4,3,1,30,0,0,4,0,0,2,0,0,0,0,0,0,0,0,0,0,0,0,0,0,0,0,0,0,0,0,0,0,0,1,0,0,0,0,0,0,0,2,18,0,0,0,0,0,1,0,0,0,0,0,0,0,0,0,0,0,0,0,0,0,0,0,0,3,0,0,0,0,0,0,0,0,0,0,0,0,0,0,0,0,0,0,0,0,0
"E01006654",1513,1426,10,0,1,1,3,1,0,29,0,0,17,1,1,0,0,0,0,0,0,0,0,0,1,0,0,0,1,1,0,0,0,0,0,0,0,0,0,2,0,0,0,0,0,0,0,1,0,0,0,0,0,0,0,0,0,0,0,0,0,0,0,0,0,0,0,0,0,0,0,2,0,7,0,0,0,0,0,0,0,4,0,0,1,0,0,0,0,0,2,1,0,0,0
"E01006655",1758,1543,18,0,1,5,6,4,1,69,5,1,17,1,17,3,0,18,0,0,0,0,0,0,0,1,0,0,0,2,0,0,0,0,0,3,0,0,0,1,0,0,0,0,0,0,0,1,18,1,0,0,0,0,0,0,0,0,0,6,0,0,0,0,0,0,0,4,1,0,0,1,0,7,0,0,0,0,1,0,0,2,0,0,0,0,0,0,0,0,0,0,0,0,0
"E01006656",1493,1452,14,1,0,2,0,0,0,0,0,3,0,0,2,0,0,1,1,0,0,0,0,0,0,3,0,0,0,0,0,0,0,0,0,0,0,0,0,1,0,1,0,0,0,0,0,4,0,0,2,0,0,0,0,0,0,0,0,0,0,0,0,0,1,0,0,0,0,0,0,0,0,3,0,0,0,0,0,0,0,1,0,0,0,1,0,0,0,0,0,0,0,0,0
"E01006657",1211,1157,6,0,3,3,2,4,0,12,0,1,8,0,2,1,0,0,0,0,0,0,0,0,0,0,0,1,0,0,0,0,0,0,0,0,0,0,0,0,0,0,0,0,0,0,0,0,0,1,2,0,1,0,2,0,0,0,0,0,0,0,0,0,1,0,0,0,2,0,0,0,0,1,0,0,0,0,0,0,0,0,0,0,0,0,0,0,0,1,0,0,0,0,0
"E01006658",1300,1227,2,0,1,6,2,1,5,13,0,0,1,0,2,1,1,6,0,0,0,0,0,0,0,0,0,0,1,2,0,0,0,0,0,0,0,0,0,0,0,0,0,0,0,0,0,0,9,0,0,0,0,0,0,0,0,0,0,4,0,0,0,0,0,0,0,1,0,0,0,2,0,11,0,0,1,0,0,0,0,0,0,0,0,1,0,0,0,0,0,0,0,0,0
"E01006659",1765,1576,9,8,11,4,8,4,0,17,21,9,10,5,25,16,0,4,0,0,0,0,0,0,0,0,0,0,0,0,0,0,0,0,0,0,0,0,0,0,0,0,0,0,0,0,0,5,0,0,0,0,0,0,0,0,0,0,0,0,0,3,0,0,0,0,0,0,0,13,0,2,0,13,0,0,0,0,0,0,0,1,0,0,0,0,0,0,1,0,0,0,0,0,0
"E01006660",1433,1259,9,0,0,2,2,6,0,74,1,0,11,5,9,2,0,5,0,0,0,0,1,0,0,0,0,0,0,2,0,0,0,0,0,0,0,0,0,0,0,4,0,0,0,0,0,0,35,0,0,0,0,0,0,0,0,0,0,0,0,0,0,0,0,0,0,0,1,0,0,1,0,2,0,0,0,0,0,0,0,0,0,0,0,1,0,0,0,0,1,0,0,0,0
"E01006661",1663,1548,7,0,1,0,3,5,3,7,0,0,8,0,37,7,0,1,0,0,0,0,0,0,0,0,0,0,0,3,0,0,0,0,0,0,0,0,0,0,0,0,0,0,0,2,0,4,6,0,0,0,0,0,0,0,0,0,0,0,0,0,0,0,0,0,0,0,0,0,2,2,0,13,0,0,1,0,1,0,0,0,0,0,1,0,0,0,1,0,0,0,0,0,0
"E01006662",1775,1613,10,0,0,2,7,1,2,38,1,0,9,3,27,0,0,1,0,0,0,0,0,0,0,0,0,0,2,3,0,0,0,0,0,0,0,0,0,1,0,1,0,0,0,0,0,6,16,1,0,0,2,0,0,0,0,0,0,0,0,0,0,0,0,0,0,1,0,4,0,3,0,20,0,0,0,0,1,0,0,0,0,0,0,0,0,0,0,0,0,0,0,0,0
"E01006663",1153,1098,4,0,0,1,0,1,0,21,0,0,3,0,9,0,0,3,0,0,0,0,0,0,0,0,0,0,0,0,0,0,0,0,0,0,0,0,0,3,0,0,0,0,0,0,0,0,3,0,0,0,0,0,1,0,0,0,0,0,0,0,0,0,0,0,0,0,0,0,0,2,0,4,0,0,0,0,0,0,0,0,0,0,0,0,0,0,0,0,0,0,0,0,0
"E01006664",1795,1583,7,0,12,12,6,5,0,19,7,5,25,0,27,1,3,1,0,0,0,0,1,0,1,0,0,0,1,1,6,0,0,0,0,0,0,0,0,1,0,0,0,0,0,0,0,18,0,0,0,0,0,0,2,0,0,0,0,0,0,0,0,0,0,0,0,0,0,4,0,2,0,38,0,0,0,0,0,1,0,3,0,0,0,3,0,0,0,0,0,0,0,0,0
"E01006665",1555,1465,6,1,1,2,1,7,0,15,0,0,13,0,6,1,0,1,0,0,0,0,0,0,0,0,0,0,0,0,0,0,0,0,0,0,0,0,0,10,0,2,0,0,0,0,0,2,5,0,0,1,0,0,1,0,0,0,0,0,0,0,0,0,0,0,0,0,1,1,0,3,0,1,0,0,0,0,0,0,0,0,0,0,2,7,0,0,0,0,0,0,0,0,0
"E01006666",1504,1326,14,0,2,6,7,5,0,18,1,6,49,0,13,5,0,15,0,0,0,0,0,0,0,5,0,0,0,3,0,0,0,0,0,0,0,0,0,1,0,0,0,0,0,0,0,3,3,5,0,0,0,0,0,0,0,0,0,0,0,0,0,0,0,0,0,2,1,2,0,1,0,2,0,0,0,0,0,0,0,1,0,0,2,0,0,0,0,4,2,0,0,0,0
"E01006667",1453,1341,17,0,6,12,4,7,3,10,0,0,18,0,6,0,0,1,0,0,0,0,0,0,1,0,0,0,0,1,0,0,0,0,0,0,0,0,0,0,0,0,0,0,0,0,0,1,1,0,5,0,0,0,1,0,0,0,0,0,0,0,0,0,0,0,0,0,1,0,0,4,0,10,0,0,0,0,0,0,0,0,0,0,3,0,0,0,0,0,0,0,0,0,0
"E01006668",1534,1438,5,0,0,8,0,9,1,11,3,0,25,0,2,0,0,11,0,0,0,0,0,0,1,0,0,0,4,4,0,0,0,0,0,0,0,0,0,3,0,0,0,0,0,0,0,2,0,0,0,0,1,0,0,0,0,0,0,0,0,0,0,0,1,0,0,0,1,0,0,3,0,0,0,0,0,0,0,0,0,0,0,0,0,0,0,0,0,0,1,0,0,0,0
"E01006669",1470,1301,9,0,3,6,2,5,1,23,0,0,40,0,23,0,3,22,0,0,0,0,0,0,1,3,0,0,1,5,0,0,0,0,0,0,0,0,0,0,0,1,0,0,0,0,0,5,3,1,0,0,0,0,1,0,0,0,0,0,0,0,0,0,7,0,0,0,0,0,0,2,0,2,0,0,0,0,0,0,0,0,0,0,0,0,0,0,0,0,0,0,0,0,0
"E01006670",1526,1389,4,1,2,3,1,8,1,12,0,0,53,0,3,2,1,2,0,0,0,0,0,0,1,0,0,0,3,0,0,0,0,0,0,0,0,0,0,0,0,1,0,0,0,0,0,6,1,1,0,0,0,0,1,0,0,0,0,0,0,0,0,0,0,0,0,0,1,0,0,9,0,14,0,0,0,0,0,0,0,0,0,0,0,0,0,0,4,2,0,0,0,0,0
"E01006671",1355,1200,3,1,1,16,2,1,0,18,5,2,68,0,14,2,0,0,0,0,0,0,0,0,0,0,0,0,0,7,0,1,0,0,0,0,0,0,0,1,0,0,0,0,0,0,0,1,0,0,0,0,1,0,0,0,0,0,0,0,0,0,0,0,2,0,0,0,0,2,0,3,0,3,0,0,0,0,1,0,0,0,0,0,0,0,0,0,0,0,0,0,0,0,0
"E01006672",1955,1793,0,1,10,7,4,15,2,11,1,7,8,0,16,7,0,5,0,0,0,0,0,0,1,0,1,0,0,0,0,0,0,0,0,0,0,0,0,0,0,0,0,0,0,0,0,0,6,0,0,0,3,0,0,0,0,0,0,1,1,0,0,0,0,0,0,0,1,6,0,0,0,44,0,0,0,0,0,0,0,4,0,0,0,0,0,0,0,0,0,0,0,0,0
"E01006673",1937,698,25,0,16,83,92,35,30,16,28,26,114,1,226,50,19,170,1,9,2,0,0,0,2,1,1,0,7,53,0,0,0,0,3,3,0,0,0,0,0,2,0,0,0,0,0,8,5,2,0,0,11,0,1,1,0,0,0,21,6,4,0,1,0,3,0,2,4,4,9,28,0,9,0,0,0,0,87,2,0,4,0,0,0,3,0,0,2,0,5,0,0,2,0
"E01006674",1885,553,17,0,17,49,100,24,7,23,28,32,24,4,269,28,6,310,3,0,0,0,0,0,0,6,0,4,5,50,0,0,0,0,2,0,0,0,0,1,0,0,0,0,0,0,0,9,0,0,0,0,10,0,0,0,0,0,0,47,0,0,0,1,4,0,0,1,0,4,19,11,0,1,0,0,0,0,165,28,0,11,0,0,0,6,0,0,5,0,0,0,0,0,1
"E01006675",1824,1104,52,3,11,32,39,13,6,28,21,24,25,6,86,27,7,79,1,2,0,0,0,0,0,6,2,0,0,26,0,0,0,3,1,0,0,0,0,2,0,1,0,0,0,0,0,28,0,6,0,0,8,0,6,1,0,2,0,39,6,6,1,0,0,0,0,7,4,4,6,32,0,20,0,0,0,0,25,5,0,1,0,0,0,0,0,2,7,0,1,0,0,0,0
"E01006676",1753,767,25,1,2,76,68,11,12,42,53,39,24,3,198,27,6,124,0,12,0,0,0,1,1,13,0,0,5,67,0,0,0,0,3,3,0,0,0,1,0,3,0,0,0,3,0,12,1,1,0,0,11,0,3,0,0,1,0,22,16,4,0,0,0,0,1,2,1,1,7,3,0,5,5,0,0,0,43,11,0,3,0,0,0,3,0,0,5,0,2,0,0,0,0
"E01006677",1040,487,7,0,3,54,51,14,8,0,8,21,40,3,104,23,8,100,0,1,0,0,0,0,1,3,0,0,0,21,0,0,0,0,4,0,0,0,0,0,0,1,0,0,0,0,0,4,4,0,0,0,0,0,0,0,0,0,0,28,0,0,0,0,0,0,0,1,3,2,6,1,0,1,0,0,0,0,12,3,0,6,0,0,0,3,0,0,0,0,4,0,0,0,0
"E01006678",2127,1573,26,0,5,46,65,19,19,1,11,3,34,0,84,26,4,104,4,2,0,0,0,0,1,1,0,0,0,30,0,0,0,0,0,0,0,0,0,0,0,0,0,0,0,0,0,2,0,0,0,0,5,0,0,0,0,0,0,8,2,0,0,0,0,0,0,0,3,0,12,4,0,10,0,0,0,0,3,8,0,8,0,0,0,4,0,0,0,0,0,0,0,0,0
"E01006679",2232,422,14,1,17,68,114,24,37,15,34,29,59,8,498,28,18,366,0,0,4,0,0,0,3,11,0,0,13,68,0,2,0,0,6,0,0,0,0,0,0,0,0,0,0,0,0,7,4,1,0,1,21,0,3,0,0,2,6,52,0,6,0,0,0,0,2,2,0,14,34,5,0,2,5,3,0,0,152,42,0,2,0,0,2,3,0,0,2,0,0,0,0,0,0
"E01006680",1569,1444,11,0,3,6,0,9,1,12,10,18,28,0,1,2,0,3,0,0,0,0,0,0,1,0,0,0,1,0,0,0,0,0,0,0,0,0,0,0,0,0,0,0,0,0,0,2,0,7,2,0,0,0,1,0,0,0,0,0,0,0,0,0,0,0,0,0,0,0,0,6,0,0,0,0,0,0,0,1,0,0,0,0,0,0,0,0,0,0,0,0,0,0,0
"E01006681",1585,1415,14,0,1,6,14,11,3,16,13,14,26,0,8,2,0,2,0,0,0,0,0,0,0,0,0,0,0,4,0,0,0,0,1,0,0,0,0,0,0,5,0,0,0,0,0,1,0,0,3,0,3,0,2,0,0,0,0,0,0,0,0,0,0,2,0,0,0,1,1,3,0,2,0,4,0,0,0,0,0,4,0,0,1,1,0,1,0,0,0,1,0,0,0
"E01006682",1310,1217,35,0,1,2,2,12,0,1,0,8,12,0,3,2,1,0,0,0,0,0,0,0,0,0,0,0,0,1,0,0,0,0,0,0,0,0,0,0,0,0,0,0,0,0,0,1,0,0,0,0,0,0,1,0,0,0,0,0,0,0,0,0,0,0,0,0,0,0,0,5,0,3,0,0,0,0,0,0,0,0,0,0,2,0,0,1,0,0,0,0,0,0,0
"E01006683",1510,1385,19,0,1,7,4,14,5,2,4,1,19,0,1,6,0,7,0,0,0,0,1,0,0,0,0,0,3,1,0,0,0,0,0,0,0,0,0,0,0,0,0,0,0,0,0,9,0,3,4,0,1,0,4,1,0,0,0,3,2,0,0,0,0,0,0,0,0,0,0,1,0,0,0,0,0,0,1,0,0,0,0,0,0,0,1,0,0,0,0,0,0,0,0
"E01006684",2138,1925,51,0,3,5,11,22,1,23,1,15,22,1,2,2,1,3,0,0,0,0,0,0,0,0,0,0,1,2,0,0,0,1,0,0,0,0,0,0,0,3,0,0,0,0,0,2,1,2,1,0,2,0,3,1,0,0,0,0,2,0,0,0,0,0,0,0,3,2,0,12,0,7,1,0,0,0,0,0,0,2,1,0,1,0,0,0,0,0,0,0,0,0,0
"E01006685",1484,1355,25,0,2,1,11,9,3,10,0,0,13,2,5,2,0,0,0,0,0,0,0,0,0,0,0,0,0,4,0,0,0,0,0,0,0,0,0,0,0,5,0,0,0,0,0,7,2,2,0,0,0,0,6,0,0,0,0,0,1,0,0,0,0,0,0,0,2,8,0,7,0,0,0,0,0,0,0,0,0,0,0,0,0,0,0,0,0,0,1,0,0,0,1
"E01006686",1433,1329,19,0,0,4,4,11,1,4,0,6,13,1,9,0,0,0,0,0,0,0,1,0,0,0,0,0,0,6,0,0,0,0,0,0,0,0,0,0,0,0,0,0,0,0,0,1,2,0,6,0,0,0,0,0,0,0,0,0,1,0,0,0,0,0,0,1,2,0,2,8,0,1,0,0,0,0,0,0,0,0,0,0,0,0,0,0,1,0,0,0,0,0,0
"E01006687",1952,1637,45,0,15,13,16,12,2,27,8,6,31,1,57,7,1,2,0,0,0,0,1,0,3,0,0,0,0,2,0,0,0,0,2,0,0,0,0,3,0,1,0,0,0,0,0,12,1,2,0,0,0,0,1,0,0,0,0,0,0,2,0,0,0,0,0,0,0,3,2,9,0,14,0,0,0,0,0,0,0,7,0,4,1,1,0,0,1,0,0,0,0,0,0
"E01006688",1524,1376,17,0,6,11,5,7,1,8,6,0,5,0,10,2,0,3,0,0,0,0,0,0,2,4,0,0,2,3,0,0,0,0,0,0,0,0,0,0,0,2,0,0,0,0,0,8,0,0,0,0,0,0,1,1,0,0,0,0,0,0,0,0,0,0,2,1,4,1,1,16,0,11,0,0,0,0,0,0,0,1,0,0,0,6,0,0,0,0,1,0,0,0,0
"E01006689",1651,1507,24,0,4,11,10,4,2,7,8,4,4,0,5,6,5,2,0,0,0,0,0,0,3,0,0,0,4,7,0,0,0,0,3,0,0,0,0,3,0,0,0,0,0,0,0,4,0,2,1,0,0,0,2,0,0,0,0,0,0,0,0,0,3,0,0,0,1,0,0,6,0,0,0,0,0,0,0,7,0,0,0,0,0,1,0,0,0,0,0,1,0,0,0
"E01006690",1492,1016,45,1,19,15,24,13,2,3,8,0,42,0,100,20,0,10,8,0,0,0,0,0,1,17,0,0,0,4,1,0,0,1,0,0,0,0,0,1,0,1,0,0,0,0,0,9,14,3,0,0,6,0,7,0,0,0,0,9,3,4,0,0,0,0,0,1,2,25,0,6,0,37,0,0,0,0,2,0,0,1,0,0,0,11,0,0,0,0,0,0,0,0,0
"E01006691",1503,846,38,0,7,10,27,12,9,27,14,7,48,0,184,10,0,53,0,7,0,0,0,0,0,5,0,0,0,19,0,0,0,0,0,0,0,0,0,1,0,2,0,0,0,0,0,17,5,1,0,0,2,0,2,0,0,0,0,14,4,1,0,0,4,4,0,5,2,43,7,6,0,22,0,0,2,0,6,0,0,19,0,0,1,8,0,0,2,0,0,0,0,0,0
"E01006692",2180,1630,27,1,14,28,15,8,4,23,8,0,36,0,108,14,1,36,2,0,0,3,0,0,0,10,0,1,5,19,0,1,0,1,0,1,0,0,0,9,0,8,0,0,0,0,0,9,3,0,4,0,0,0,0,0,0,0,1,5,2,1,0,0,0,3,1,0,1,31,0,8,0,76,0,0,0,0,4,1,0,12,0,0,1,4,0,0,0,0,0,0,0,0,0
"E01006693",1511,1290,13,0,3,9,6,7,0,44,11,0,23,0,21,17,0,16,0,0,0,0,0,0,1,0,0,0,0,0,2,0,0,0,0,0,0,0,0,0,0,0,0,0,0,0,0,1,6,1,0,0,6,0,0,0,0,0,0,4,0,3,0,2,0,0,0,0,0,7,0,0,0,11,0,0,1,0,0,0,0,1,0,0,0,2,0,0,3,0,0,0,0,0,0
"E01006694",1864,1128,24,0,24,14,24,5,7,32,2,2,40,0,363,18,0,8,1,1,0,0,0,0,0,9,0,0,1,11,1,0,0,0,0,0,0,0,0,0,0,4,0,0,0,0,0,10,4,3,0,0,3,0,1,0,0,0,4,12,0,0,0,0,0,5,0,1,0,22,0,2,0,66,0,0,0,0,2,0,0,6,0,0,0,0,0,0,4,0,0,0,0,0,0
"E01006695",1821,1148,42,2,22,20,30,10,4,9,9,3,38,6,184,24,2,32,1,4,0,3,0,0,4,15,0,0,0,22,0,0,0,0,2,0,0,0,0,0,3,0,0,0,1,0,0,31,0,1,0,0,19,0,2,0,0,0,0,8,4,0,0,0,0,0,0,0,5,13,7,12,0,61,0,0,0,0,10,1,1,3,0,0,0,3,0,0,0,0,0,0,0,0,0
"E01006696",1744,1194,14,0,15,14,21,8,1,86,19,9,39,1,167,9,0,21,0,1,0,0,0,0,1,2,1,0,2,5,0,0,0,0,1,0,0,0,0,0,0,0,0,0,0,0,0,1,26,2,0,0,1,0,0,0,0,0,0,3,0,4,0,0,0,0,0,2,0,25,0,3,0,34,0,0,0,0,2,0,0,8,0,0,1,1,0,0,0,0,0,0,0,0,0
"E01006697",1845,1190,15,1,11,25,18,15,6,24,23,6,57,0,171,18,4,64,0,4,0,1,0,0,1,10,1,0,1,13,0,0,0,0,0,0,0,0,0,1,0,3,0,0,0,0,0,20,9,0,0,0,9,0,8,0,0,0,0,9,2,1,0,0,0,0,2,4,2,38,0,10,0,26,0,0,0,0,6,0,0,4,0,5,0,5,0,0,1,0,0,0,1,0,0
"E01006698",1716,1650,14,0,0,7,1,1,1,3,6,0,5,0,4,2,0,4,0,0,0,0,0,0,0,0,0,0,0,2,0,0,0,0,0,0,0,0,0,0,0,2,0,0,0,0,0,2,0,0,0,0,0,0,0,0,0,0,2,0,0,0,0,0,0,0,0,0,1,0,0,2,0,4,0,0,0,0,0,0,0,3,0,0,0,0,0,0,0,0,0,0,0,0,0
"E01006699",1594,1491,9,0,0,3,1,2,0,1,0,0,4,0,19,1,0,5,0,0,0,0,0,0,0,0,0,0,0,3,0,0,0,0,0,0,0,0,0,0,0,0,0,0,0,0,0,5,0,0,0,0,0,0,0,0,0,0,0,0,0,0,0,0,0,0,0,0,0,1,0,5,0,44,0,0,0,0,0,0,0,0,0,0,0,0,0,0,0,0,0,0,0,0,0
"E01006700",1438,1333,11,2,3,4,0,1,0,1,8,0,19,0,9,2,0,6,0,1,0,0,1,0,0,3,0,0,0,7,0,0,0,0,0,0,0,0,0,0,0,0,0,0,0,0,0,0,0,0,0,0,7,0,0,0,0,0,0,0,0,0,0,0,0,0,0,3,2,1,3,2,0,6,0,0,0,0,0,0,0,1,0,0,0,0,0,0,1,0,1,0,0,0,0
"E01006701",1380,1286,8,0,2,12,3,1,0,1,0,0,15,0,4,5,0,4,0,0,0,0,0,0,0,1,0,0,0,1,0,0,0,0,0,0,0,0,0,0,0,0,0,0,0,0,0,1,0,2,0,0,3,0,2,0,0,0,0,8,0,0,0,0,0,0,0,0,1,3,0,0,0,8,0,0,0,0,0,0,0,4,0,0,0,5,0,0,0,0,0,0,0,0,0
"E01006702",1618,1477,6,0,0,11,1,5,0,7,1,0,17,0,26,0,0,4,2,0,0,0,0,0,0,0,0,0,0,1,0,0,0,0,0,0,0,0,0,0,0,0,0,0,0,0,0,9,10,0,0,0,0,0,0,0,0,0,0,0,2,0,0,0,0,0,0,0,0,0,0,2,0,13,0,0,0,0,0,0,0,11,0,0,0,12,0,0,0,1,0,0,0,0,0
"E01006703",1561,1424,20,3,4,4,6,1,0,0,4,0,6,0,32,0,0,7,0,0,0,0,1,0,0,0,0,0,0,5,0,0,0,0,0,0,0,0,0,0,0,0,0,0,0,0,0,14,0,0,0,0,0,0,0,0,0,0,0,0,0,0,0,0,3,0,0,0,0,0,0,3,0,16,0,0,0,0,0,0,0,8,0,0,0,0,0,0,0,0,0,0,0,0,0
"E01006705",1409,1299,20,0,1,0,3,2,3,4,4,1,9,0,24,0,0,9,0,0,0,0,0,0,2,2,0,0,0,0,0,0,0,0,0,0,0,0,0,0,0,0,0,0,0,0,0,0,0,2,0,0,0,0,1,0,0,0,0,0,0,0,0,0,1,0,0,0,0,1,1,5,0,13,0,0,0,0,0,0,0,0,0,0,0,2,0,0,0,0,0,0,0,0,0
"E01006706",1346,1277,7,0,1,5,7,5,0,1,5,0,9,0,11,3,0,0,0,0,0,0,0,0,0,0,0,0,0,1,0,2,0,0,0,0,0,0,1,2,0,0,0,0,0,0,0,1,0,0,0,0,0,0,0,0,0,0,0,1,0,0,0,0,0,0,0,0,0,0,0,2,0,0,0,0,0,0,0,0,0,5,0,0,0,0,0,0,0,0,0,0,0,0,0
"E01006707",1323,1238,17,0,1,10,1,10,3,6,0,0,4,1,11,3,0,0,0,0,0,0,0,0,0,0,0,4,0,3,0,0,0,0,0,0,0,0,0,1,0,0,0,0,0,0,0,0,1,0,0,0,0,0,0,0,0,0,0,0,2,0,0,0,0,0,0,0,1,0,0,2,0,4,0,0,0,0,0,0,0,0,0,0,0,0,0,0,0,0,0,0,0,0,0
"E01006708",1805,1716,10,0,4,9,8,2,4,0,0,0,0,0,9,5,0,1,0,0,0,0,0,0,0,1,0,0,1,6,0,0,0,0,0,0,0,0,0,0,0,0,0,0,0,0,0,1,0,0,0,0,0,0,0,0,0,0,0,0,0,0,0,1,0,0,0,0,1,8,0,4,0,7,0,0,0,4,0,0,0,0,0,0,2,0,0,0,0,1,0,0,0,0,0
"E01006709",1438,1362,17,0,2,16,3,5,3,5,0,0,7,0,1,1,0,0,0,0,0,0,0,0,4,0,0,0,0,1,0,0,0,0,0,0,0,0,0,1,0,0,0,0,0,0,0,0,0,0,0,0,0,0,0,0,0,0,0,0,0,1,0,0,3,0,0,0,1,1,0,0,0,2,0,0,0,0,0,0,0,0,0,0,1,1,0,0,0,0,0,0,0,0,0
"E01006710",1496,1441,10,0,0,15,4,0,1,5,0,0,2,0,8,6,0,0,0,0,0,0,0,0,0,0,0,0,0,1,0,0,0,0,0,0,0,0,0,0,0,0,0,0,0,0,0,0,1,0,0,0,0,0,0,0,0,0,0,0,0,0,0,0,0,0,0,0,2,0,0,0,0,0,0,0,0,0,0,0,0,0,0,0,0,0,0,0,0,0,0,0,0,0,0
"E01006711",1538,1334,11,0,1,15,15,2,1,13,1,8,18,2,27,5,1,38,0,0,0,0,0,0,0,0,0,0,3,6,0,0,0,0,0,0,0,0,0,1,0,0,0,0,0,0,0,1,2,0,0,0,3,0,0,0,0,0,0,4,0,0,1,0,0,0,0,0,0,1,0,11,0,3,0,0,0,0,0,0,0,7,0,0,0,3,0,0,0,0,0,0,0,0,0
"E01006712",1339,1214,10,0,3,7,12,12,3,41,0,0,11,2,1,0,0,4,0,0,0,0,0,0,1,0,0,0,0,0,0,0,0,0,0,0,0,0,0,1,0,0,0,0,0,0,0,4,0,1,0,0,0,0,0,0,0,0,0,0,0,0,0,0,0,0,0,0,0,1,0,3,0,4,0,0,0,4,0,0,0,0,0,0,0,0,0,0,0,0,0,0,0,0,0
"E01006713",1377,1276,8,0,3,6,1,7,1,36,0,2,9,0,7,0,0,0,0,0,0,0,0,0,0,0,0,0,0,0,0,0,0,0,0,0,0,0,0,0,0,0,0,0,0,0,0,1,0,1,0,0,0,0,0,0,0,0,0,0,0,0,0,0,0,0,0,2,1,0,0,1,0,11,0,0,0,0,0,0,0,0,0,0,2,1,0,0,0,0,0,0,0,1,0
"E01006716",1589,1339,21,2,7,23,17,10,0,11,0,0,66,0,17,3,1,34,2,0,0,0,0,0,1,1,0,1,1,1,0,0,0,0,0,0,0,0,0,2,0,0,0,0,0,0,0,15,0,0,0,0,1,0,0,0,0,0,1,0,0,0,0,0,0,0,0,0,0,0,0,2,0,6,0,0,0,0,0,0,0,3,0,0,1,0,0,0,0,0,0,0,0,0,0
"E01006717",1436,1297,12,0,2,11,10,6,2,2,0,0,15,1,14,1,0,24,0,0,0,0,0,0,0,5,0,0,1,2,0,0,0,3,0,0,0,2,0,1,0,0,0,0,0,0,0,1,0,0,0,0,0,0,2,2,0,1,0,0,0,0,0,0,0,0,0,2,0,0,0,8,0,7,0,0,0,0,0,0,0,0,0,0,0,2,0,0,0,0,0,0,0,0,0
"E01006718",1587,1434,18,0,7,12,10,3,4,7,2,0,11,0,13,2,0,20,0,0,1,0,0,0,1,0,0,0,1,2,0,0,0,0,0,0,0,0,0,0,0,0,0,0,0,0,0,3,1,0,0,0,2,0,0,0,0,0,0,0,0,0,0,0,0,0,0,1,0,0,0,1,0,26,0,0,0,0,0,0,0,1,0,0,4,0,0,0,0,0,0,0,0,0,0
"E01006719",1535,1466,10,0,2,10,2,3,6,4,0,1,7,1,2,0,0,0,2,0,0,0,0,0,0,0,0,0,0,0,0,0,0,0,0,0,0,0,0,0,0,4,0,0,0,0,0,0,0,1,0,1,2,0,0,0,0,1,0,0,0,0,0,0,0,0,0,1,0,0,0,0,0,9,0,0,0,0,0,0,0,0,0,0,0,0,0,0,0,0,0,0,0,0,0
"E01006720",2108,1004,72,3,6,40,48,21,14,33,33,53,54,11,163,21,8,151,0,8,3,1,0,0,2,5,0,0,7,26,0,0,0,0,2,0,0,0,0,0,0,0,0,0,0,0,0,53,0,1,0,1,6,0,1,0,0,0,0,10,1,5,0,0,0,6,1,5,0,109,8,8,1,61,1,0,0,0,10,3,0,17,0,1,1,4,0,0,2,0,3,0,0,0,0
"E01006721",1655,1218,47,1,5,25,37,20,13,22,11,18,27,0,48,15,3,29,0,0,0,2,0,0,0,3,0,0,2,14,0,0,0,0,2,0,0,0,0,0,0,1,0,0,0,1,0,2,0,1,0,0,6,0,1,0,0,0,1,22,0,0,0,0,0,0,0,0,1,8,20,13,0,13,0,0,0,0,0,0,0,0,0,0,0,0,0,0,1,2,0,0,0,0,0
"E01006722",1793,1180,73,6,6,14,24,12,7,58,28,88,32,0,68,7,2,71,5,6,2,0,0,0,1,12,3,0,1,24,0,0,0,0,0,0,0,0,0,1,0,0,0,0,1,0,0,3,1,3,0,0,1,0,0,0,0,0,0,3,0,0,0,0,1,4,1,1,1,11,0,14,0,8,0,0,0,0,5,1,0,2,0,1,0,0,0,0,0,0,0,0,0,0,0
"E01006723",1875,1294,96,5,5,38,23,21,2,63,29,27,16,1,60,21,6,35,2,5,0,0,0,0,1,3,1,0,4,14,0,0,0,0,1,0,0,0,1,2,0,0,0,0,1,0,0,24,1,1,0,0,0,0,2,0,0,0,0,0,0,0,0,0,0,7,0,0,1,1,2,18,0,23,0,0,0,0,1,0,0,6,0,6,4,0,0,0,0,1,0,0,0,0,0
"E01006724",1790,1400,54,1,3,12,20,26,4,30,25,14,29,0,45,19,1,11,0,7,0,1,1,0,1,1,0,0,3,7,0,0,0,0,0,0,0,0,0,4,0,1,0,0,0,0,0,13,7,1,1,0,1,0,1,0,0,0,0,0,5,4,0,0,0,0,0,7,2,1,2,14,0,1,0,0,0,0,1,0,0,6,0,0,0,3,0,0,0,0,0,0,0,0,0
"E01006725",1537,1248,56,0,7,23,19,14,2,15,3,4,33,2,27,11,0,21,0,2,0,1,0,0,1,2,0,0,2,14,0,0,0,0,0,0,0,0,0,0,0,0,0,0,0,0,0,9,0,0,0,0,0,0,2,0,0,0,0,0,1,1,1,0,0,0,0,0,1,0,0,1,0,2,0,0,0,0,0,0,0,5,0,0,0,1,0,0,6,0,0,0,0,0,0
"E01006726",1565,1063,61,1,10,29,30,9,2,23,23,22,46,0,77,19,1,31,0,6,0,1,0,0,1,0,0,0,2,15,0,0,0,0,1,4,0,0,1,1,0,0,0,0,0,0,0,0,0,0,0,0,3,0,7,0,0,0,0,0,3,6,0,0,0,0,0,0,2,22,5,14,0,15,0,1,0,0,0,0,0,1,0,0,1,4,0,0,1,0,0,0,1,0,0
"E01006727",1441,1183,25,2,5,15,13,16,2,9,4,9,15,1,33,5,0,2,0,0,0,2,0,0,1,2,0,0,0,8,0,0,0,0,0,0,0,0,0,0,0,2,0,0,0,0,0,15,1,0,1,0,0,0,8,0,0,0,4,3,1,0,0,0,0,3,1,0,0,2,4,17,0,17,0,0,0,0,0,0,0,5,0,0,5,0,0,0,0,0,0,0,0,0,0
"E01006728",1623,1261,33,1,6,36,19,6,6,9,36,9,26,0,31,17,5,28,1,0,0,0,0,0,0,1,0,0,3,14,0,0,0,0,1,0,0,0,0,0,0,0,0,0,0,0,0,14,6,1,0,0,1,0,0,0,0,0,0,7,2,0,0,0,0,0,0,0,1,11,0,1,0,22,0,1,0,0,0,0,0,3,0,0,0,1,0,0,1,0,2,0,0,0,0
"E01006729",1400,1331,7,0,2,4,4,1,1,5,0,0,0,0,28,1,0,3,0,0,0,0,0,0,0,0,0,0,0,0,0,0,0,0,0,0,0,0,0,0,0,0,0,0,0,0,0,0,0,0,0,0,0,0,0,0,0,0,0,0,0,0,0,0,0,0,0,0,0,0,1,0,0,11,0,0,0,0,0,0,0,0,0,0,1,0,0,0,0,0,0,0,0,0,0
"E01006730",1326,1255,5,0,2,9,7,0,3,1,0,4,6,2,13,0,0,1,0,1,0,0,0,0,2,0,0,0,0,0,0,0,0,0,0,0,0,0,0,0,0,1,0,0,0,0,0,2,0,0,0,0,0,0,0,0,0,0,0,0,2,0,0,0,0,0,0,0,0,0,0,0,0,8,0,0,0,0,1,0,0,0,0,0,0,1,0,0,0,0,0,0,0,0,0
"E01006731",1196,1124,7,0,4,0,1,2,0,12,0,3,8,0,13,0,2,0,0,0,0,0,0,0,0,0,0,0,0,1,0,0,0,0,0,0,0,0,0,0,0,0,0,0,1,0,0,0,0,0,0,0,0,0,0,0,0,0,0,3,0,0,0,0,0,0,0,0,0,0,0,0,0,13,0,0,0,0,0,0,0,0,0,0,0,0,0,0,0,0,1,0,0,1,0
"E01006732",1643,1545,4,0,3,7,4,4,2,5,0,0,9,0,11,1,2,2,0,0,0,0,0,0,0,6,0,0,0,3,0,0,0,4,3,0,0,0,0,0,0,0,0,0,0,0,0,4,0,1,0,0,0,0,1,0,0,0,0,0,0,0,0,0,0,0,0,1,0,0,7,2,0,12,0,0,0,0,0,0,0,0,0,0,0,0,0,0,0,0,0,0,0,0,0
"E01006734",1412,1277,5,0,12,3,12,1,1,8,0,1,6,0,19,0,0,10,0,0,0,0,0,0,1,0,0,0,0,2,3,0,0,0,0,0,0,0,0,0,0,0,0,0,0,0,0,18,0,2,0,0,0,0,0,0,0,0,0,1,0,0,0,0,0,0,0,0,1,3,0,1,0,25,0,0,0,0,0,0,0,0,0,0,0,0,0,0,0,0,0,0,0,0,0
"E01006735",1309,1235,5,0,0,3,7,1,3,27,0,0,3,0,15,1,0,0,0,0,0,0,0,0,0,0,0,0,0,2,0,0,0,0,0,0,0,0,0,0,0,0,0,0,0,0,0,0,0,0,0,0,0,0,0,0,0,0,0,0,0,0,0,0,0,0,0,0,0,0,0,0,0,3,0,0,0,0,0,0,0,4,0,0,0,0,0,0,0,0,0,0,0,0,0
"E01006736",1460,1352,5,0,6,7,7,4,0,8,0,0,3,1,22,2,1,1,0,0,0,0,0,0,1,0,0,0,0,3,0,0,0,0,0,0,0,0,0,0,0,0,0,0,0,0,0,7,0,0,0,0,0,0,0,3,0,0,0,0,0,0,0,0,0,0,0,0,0,4,0,4,0,19,0,0,0,0,0,0,0,0,0,0,0,0,0,0,0,0,0,0,0,0,0
"E01006737",1435,1367,13,0,0,7,6,2,0,6,0,0,0,0,21,1,0,0,0,0,0,0,0,0,0,0,0,0,2,0,0,0,0,0,0,0,0,0,0,3,0,2,0,0,0,0,0,0,0,0,0,0,0,0,0,0,0,0,0,0,0,0,0,0,0,0,0,0,0,0,1,0,0,4,0,0,0,0,0,0,0,0,0,0,0,0,0,0,0,0,0,0,0,0,0
"E01006738",1501,1462,5,0,3,1,1,7,1,0,3,0,1,0,11,2,0,0,0,0,0,0,0,0,0,0,0,0,0,0,0,0,0,0,0,0,0,0,0,0,0,0,0,0,0,0,0,0,1,0,1,0,0,0,0,0,0,0,0,0,0,0,0,0,0,0,0,0,0,0,0,2,0,0,0,0,0,0,0,0,0,0,0,0,0,0,0,0,0,0,0,0,0,0,0
"E01006739",1769,1622,13,0,5,25,7,10,3,5,0,1,11,0,30,9,0,5,0,0,0,0,0,0,0,0,0,0,0,0,0,0,0,0,0,0,0,0,0,0,0,0,0,0,0,0,0,4,0,0,0,5,3,0,1,0,0,0,0,0,0,0,0,0,1,0,0,0,2,0,0,0,0,7,0,0,0,0,0,0,0,0,0,0,0,0,0,0,0,0,0,0,0,0,0
"E01006740",1280,1100,13,0,7,1,5,2,1,2,10,0,20,0,2,5,3,30,0,0,0,0,0,0,0,21,0,0,0,1,0,0,0,0,0,0,0,0,0,0,0,0,0,0,0,0,0,1,0,0,0,0,0,0,0,2,0,0,0,3,0,0,0,0,0,0,0,0,0,12,0,2,0,34,0,0,0,0,0,0,0,0,0,0,2,0,0,0,0,0,0,1,0,0,0
"E01006741",1815,1738,9,0,4,5,11,9,3,0,0,0,1,1,7,5,0,0,0,0,0,2,0,0,0,0,0,0,2,4,0,0,0,0,0,0,0,0,0,0,0,0,0,0,0,0,0,0,0,0,0,0,0,0,0,0,0,0,0,0,0,0,0,0,0,0,0,0,3,4,0,1,0,5,0,0,0,0,0,0,0,0,0,0,1,0,0,0,0,0,0,0,0,0,0
"E01006742",1394,1302,13,0,3,17,6,3,0,2,0,0,3,0,5,2,0,5,0,0,0,0,0,0,1,0,0,0,0,1,0,0,0,0,1,0,0,0,0,1,0,0,0,0,0,0,0,1,1,0,0,0,0,0,0,0,0,0,0,3,0,1,0,0,0,0,0,0,1,8,0,4,0,9,0,0,0,0,0,0,0,0,0,0,0,0,1,0,0,0,0,0,0,0,0
"E01006743",2175,1907,23,1,3,17,13,3,4,10,0,10,33,0,21,9,1,6,0,0,0,0,0,0,0,3,0,0,2,5,0,0,0,0,0,0,0,0,0,0,0,0,0,0,0,0,0,4,2,0,0,0,5,0,0,0,0,0,0,0,5,0,0,0,0,0,0,1,0,19,0,11,0,53,0,0,0,0,0,0,0,4,0,0,0,0,0,0,0,0,0,0,0,0,0
"E01006744",1482,1357,25,0,2,15,7,6,1,4,7,0,0,0,3,0,0,1,0,0,0,0,0,0,1,0,0,0,0,1,0,0,0,0,0,0,0,0,0,0,0,0,0,0,0,0,0,10,1,1,4,0,0,0,0,0,0,0,0,1,3,0,0,0,0,0,0,0,0,1,1,6,0,19,0,0,0,0,1,0,0,3,0,0,0,0,0,0,0,0,1,0,0,0,0
"E01006745",1879,1619,28,0,12,25,25,11,0,20,0,0,16,0,8,2,0,0,0,0,0,0,0,0,0,0,0,0,3,2,0,0,0,0,0,0,0,0,0,3,0,0,0,0,3,0,0,3,1,0,1,0,0,0,0,0,0,0,0,0,2,0,0,0,0,3,0,1,1,33,0,7,0,34,0,0,0,0,0,0,0,8,0,0,0,0,0,0,0,0,0,0,0,0,8
"E01006746",1513,1160,29,1,4,19,8,9,3,64,1,9,45,1,51,5,1,12,0,0,0,0,0,0,0,10,0,0,2,9,0,0,0,0,0,0,0,0,0,0,0,0,0,0,3,0,0,2,3,0,0,0,9,0,0,0,0,0,0,0,0,22,0,0,0,0,0,0,0,5,1,6,0,4,0,0,0,0,0,0,0,6,0,0,0,8,0,0,0,0,0,0,1,0,0
"E01006747",3552,1935,147,8,12,31,12,35,1,187,121,19,518,6,162,14,4,47,3,4,0,0,0,0,1,10,2,0,1,0,0,0,0,0,0,2,0,0,0,0,0,3,0,0,4,3,0,13,37,6,3,4,18,0,1,5,3,0,1,9,2,22,0,0,4,0,1,5,4,18,1,27,0,21,0,0,1,0,0,0,0,25,4,0,12,3,0,0,3,2,4,0,1,0,0
"E01006748",1936,1319,72,1,4,15,15,12,6,83,16,6,105,3,67,7,1,5,1,0,0,0,0,0,1,11,0,0,0,1,0,0,0,0,1,0,0,0,1,0,0,2,0,0,0,0,0,11,9,0,0,3,7,0,1,0,0,1,1,0,1,58,33,0,0,0,0,0,2,4,4,14,0,26,0,0,0,0,0,0,0,2,0,0,2,0,1,0,0,0,1,0,0,0,0
"E01006751",2572,1410,41,0,10,50,44,24,17,115,30,4,351,0,133,25,2,117,3,0,0,8,0,0,0,4,0,0,3,27,0,0,0,0,1,0,0,0,0,7,0,4,0,0,1,0,0,4,0,5,2,1,3,0,5,1,4,2,0,17,1,7,0,0,2,2,0,0,2,5,7,13,0,21,0,0,0,0,18,1,0,10,4,0,1,0,0,0,3,0,0,0,0,0,0
"E01006752",1012,565,23,0,17,15,16,15,9,16,4,36,52,2,78,10,1,52,2,0,0,0,0,0,0,6,0,0,1,9,0,0,0,0,0,0,0,0,0,0,0,1,0,0,0,0,0,5,7,0,0,1,14,0,0,0,0,0,0,10,2,0,0,0,0,4,0,0,2,0,14,5,0,11,0,0,0,0,2,0,0,1,0,0,2,0,0,0,2,0,0,0,0,0,0
"E01006753",1557,1474,4,0,4,16,10,7,0,0,5,0,1,0,17,4,0,0,0,0,0,0,0,0,0,3,0,0,0,3,0,0,0,0,0,1,0,0,0,0,0,0,0,0,0,0,0,0,0,0,0,0,0,0,0,0,0,0,0,0,0,0,0,0,0,0,0,0,0,1,0,0,0,7,0,0,0,0,0,0,0,0,0,0,0,0,0,0,0,0,0,0,0,0,0
"E01006754",1627,1427,27,0,22,5,9,8,5,0,0,0,0,0,12,4,0,0,0,0,0,0,0,0,0,18,0,0,2,1,0,1,0,0,0,0,0,0,0,2,0,0,0,0,0,0,0,27,0,1,0,0,0,0,1,0,0,0,0,0,0,0,0,0,0,0,0,0,0,0,0,2,0,49,0,0,0,0,1,0,0,0,0,0,0,2,0,0,1,0,0,0,0,0,0
"E01006755",1587,1438,6,1,4,18,8,7,3,0,0,7,6,1,34,2,0,8,0,0,0,0,0,0,0,0,0,0,2,4,0,0,0,0,0,0,0,0,0,0,0,0,0,0,0,0,0,4,0,0,0,0,0,0,0,0,0,0,0,0,0,5,0,0,0,0,0,0,0,1,2,4,0,21,0,0,0,0,0,0,0,0,0,0,0,1,0,0,0,0,0,0,0,0,0
"E01006756",1820,1614,5,0,10,19,12,8,0,1,4,1,17,0,41,2,0,1,0,0,0,0,0,0,0,9,0,0,3,4,0,0,0,2,0,0,0,0,0,0,0,0,0,0,0,0,0,8,0,0,0,0,0,0,0,0,0,0,0,0,0,6,0,0,0,0,0,0,0,6,0,13,0,33,0,0,0,0,0,0,0,0,0,0,1,0,0,0,0,0,0,0,0,0,0
"E01006757",1491,1381,8,0,0,15,5,5,8,0,1,0,11,0,6,1,5,1,0,0,0,0,0,0,0,0,0,0,0,0,0,0,0,0,0,0,0,0,0,0,0,0,0,0,0,0,0,11,0,0,0,0,0,0,1,0,0,0,0,0,0,0,0,0,0,0,0,0,1,5,0,3,0,21,0,0,0,0,0,0,0,0,0,0,0,1,0,0,0,0,0,0,0,1,0
"E01006758",1527,1403,8,0,1,22,4,2,7,0,0,1,10,0,23,0,0,5,0,0,0,0,0,0,0,10,0,0,0,6,0,1,0,0,0,0,0,0,0,1,0,0,0,0,0,0,0,2,0,0,0,0,0,0,0,0,0,0,0,0,0,1,0,0,0,0,0,0,0,0,0,4,0,8,0,0,0,0,4,0,0,4,0,0,0,0,0,0,0,0,0,0,0,0,0
"E01006759",1095,924,9,1,4,0,12,11,2,4,6,0,8,2,27,3,0,18,1,0,1,0,0,0,0,2,0,0,2,7,0,1,0,0,0,0,0,0,1,0,0,0,0,0,0,0,0,3,1,0,0,0,0,0,4,0,0,0,0,0,0,0,0,0,0,0,5,0,2,0,0,10,0,17,0,0,0,0,7,0,0,0,0,0,0,0,0,0,0,0,0,0,0,0,0
"E01006760",1611,1229,39,1,10,12,12,4,3,5,9,4,24,1,57,4,0,50,0,0,0,0,1,0,1,6,0,0,0,2,3,0,0,0,0,0,0,0,0,0,0,3,0,0,0,0,0,6,0,6,0,0,1,0,4,0,0,1,0,6,3,0,0,0,0,0,0,11,3,4,4,14,0,62,0,0,0,0,2,0,1,0,0,0,1,1,0,0,0,0,1,0,0,0,0
"E01006761",1644,1445,24,0,4,9,11,9,3,29,4,1,36,0,9,2,1,5,0,0,0,0,0,0,0,0,0,0,0,0,0,0,0,0,0,0,0,0,0,4,0,0,0,0,4,0,0,3,14,4,0,0,0,0,0,0,0,0,0,2,0,0,0,0,0,0,0,0,1,0,1,5,0,7,0,0,0,0,0,1,0,0,0,4,0,2,0,0,0,0,0,0,0,0,0
"E01006762",1692,1594,13,0,3,3,2,4,0,4,4,0,13,0,3,0,0,8,0,0,0,0,0,0,5,0,0,0,1,1,0,0,0,0,0,0,0,0,0,1,0,1,0,0,0,0,0,5,5,0,0,1,0,0,2,0,0,0,0,0,0,0,0,0,0,0,0,4,0,1,6,0,0,5,0,0,0,0,0,0,0,0,0,3,0,0,0,0,0,0,0,0,0,0,0
"E01006763",1471,1394,24,0,1,8,0,5,0,5,1,1,6,0,10,2,0,6,0,0,0,0,0,0,0,0,0,0,0,0,0,0,0,0,0,0,0,0,0,4,0,0,0,0,1,0,0,0,0,0,0,0,0,0,0,0,0,0,0,0,0,0,0,0,0,0,0,0,0,0,0,0,0,1,0,0,0,0,0,0,0,0,0,0,0,0,0,0,1,1,0,0,0,0,0
"E01006764",1522,1310,9,0,4,15,14,2,4,9,1,6,8,1,31,10,1,19,0,1,0,0,0,0,1,3,0,0,0,3,0,0,0,0,0,0,0,0,0,0,0,0,0,0,0,0,0,7,7,0,0,0,3,0,0,0,0,4,0,0,0,6,0,0,0,0,0,0,0,8,0,6,0,18,0,0,0,0,0,0,2,4,0,0,0,4,0,0,1,0,0,0,0,0,0
"E01006765",1468,1367,21,1,7,3,4,6,1,4,0,0,6,0,6,0,0,4,0,0,0,0,0,0,0,0,0,0,0,0,0,0,0,0,0,0,0,0,0,0,0,0,0,0,0,0,0,10,1,0,0,0,0,0,1,0,0,0,0,4,0,0,0,0,0,0,0,0,1,0,0,3,0,14,0,0,0,0,0,0,0,3,0,0,1,0,0,0,0,0,0,0,0,0,0
"E01006766",1266,1052,14,0,9,8,12,1,0,17,5,0,11,1,45,4,2,10,1,1,0,1,1,0,0,4,0,0,2,12,0,0,0,0,0,0,0,0,0,0,0,7,0,0,0,0,0,3,1,0,0,0,9,0,0,0,0,0,0,0,2,0,0,0,0,0,0,0,1,2,1,3,0,21,0,0,0,0,0,0,0,0,0,0,0,0,1,0,0,1,0,0,0,0,1
"E01006767",1787,1548,21,3,4,9,10,3,3,12,1,0,22,0,63,3,5,15,0,0,0,0,0,0,2,1,0,0,1,8,0,0,0,0,0,0,0,0,0,0,0,1,0,0,0,0,0,2,0,0,0,0,0,0,2,0,0,0,0,0,2,0,0,0,0,0,0,0,2,8,2,2,0,25,0,0,0,0,0,0,0,5,0,0,0,2,0,0,0,0,0,0,0,0,0
"E01006768",1359,1162,25,1,3,5,9,4,5,6,6,6,20,0,19,1,1,19,0,0,0,0,0,0,0,1,1,0,0,3,0,0,0,0,1,0,0,0,0,2,0,0,0,0,0,0,0,4,3,0,1,0,3,0,2,1,0,0,0,13,0,0,2,0,0,0,0,0,1,3,0,0,0,18,0,0,0,0,2,0,0,6,0,0,0,0,0,0,0,0,0,0,0,0,0
"E01006769",1270,1183,9,1,1,7,9,8,1,0,0,0,4,0,7,3,0,15,0,0,0,0,0,0,1,0,0,0,0,0,0,0,0,0,1,0,0,0,0,0,0,1,0,0,0,0,0,0,0,1,0,0,0,0,0,0,0,0,0,3,1,0,0,0,0,0,0,0,6,0,0,3,0,1,1,0,0,0,0,0,0,0,0,0,0,2,0,0,0,0,1,0,0,0,0
"E01006770",1002,942,4,0,0,5,13,8,0,2,0,2,8,0,1,4,0,1,0,2,0,0,0,0,0,0,0,0,2,1,0,0,0,0,0,0,0,0,0,0,0,0,0,0,1,0,0,1,0,0,0,0,1,0,0,0,0,0,0,1,0,0,0,0,0,0,0,0,0,0,0,0,0,0,0,0,0,0,0,0,0,0,0,0,1,1,0,0,0,0,1,0,0,0,0
"E01006771",1425,1351,11,0,1,6,11,5,3,5,0,0,6,1,5,0,0,3,0,0,0,0,0,0,0,0,0,0,0,3,0,0,0,0,2,0,0,0,0,0,0,0,0,0,0,0,0,2,1,0,0,0,0,0,1,0,0,0,0,0,0,0,0,0,0,0,0,0,0,0,0,0,0,6,0,0,0,0,0,0,0,0,0,0,0,2,0,0,0,0,0,0,0,0,0
"E01006772",1091,1003,12,0,6,5,2,4,0,8,1,0,15,0,8,5,0,0,0,0,0,0,0,0,1,0,0,0,0,1,0,0,0,0,0,0,0,0,0,1,0,0,0,0,0,0,0,4,0,0,0,0,7,0,6,0,0,0,0,0,0,0,0,0,0,0,0,0,0,0,0,2,0,0,0,0,0,0,0,0,0,0,0,0,0,0,0,0,0,0,0,0,0,0,0
"E01006773",1379,1298,11,0,2,5,3,7,1,7,5,0,7,0,2,3,1,1,0,0,0,0,0,0,0,0,0,0,2,1,0,0,0,3,0,0,0,0,0,1,0,0,0,0,0,0,0,0,0,1,0,0,0,0,1,0,0,0,0,0,0,5,0,0,0,0,0,0,2,0,1,5,0,0,0,0,0,0,0,0,0,0,0,0,0,4,0,0,0,0,0,0,0,0,0
"E01006774",1445,1243,10,0,0,11,5,4,0,25,17,0,94,0,9,7,1,4,0,0,0,0,0,0,0,0,0,0,0,10,0,0,0,0,0,0,0,0,0,1,0,0,0,0,0,0,0,0,0,0,0,0,0,0,0,0,0,0,0,0,0,0,0,0,0,0,0,0,1,0,0,1,0,1,0,0,0,0,0,0,0,0,0,0,1,0,0,0,0,0,0,0,0,0,0
"E01006775",1319,1228,19,0,3,11,10,2,0,5,0,0,19,0,3,3,0,1,0,0,0,0,0,0,0,1,0,0,0,1,0,0,0,0,0,0,0,0,0,4,0,0,0,0,0,0,0,0,0,0,0,0,0,0,0,0,0,0,0,0,2,0,0,0,0,0,0,0,0,0,0,0,0,0,3,0,0,0,0,0,0,0,0,0,0,1,0,0,0,0,3,0,0,0,0
"E01006776",1677,1552,22,4,2,1,2,7,1,3,0,0,18,0,16,0,0,3,0,0,0,0,0,0,0,0,0,0,4,4,0,1,0,0,0,0,0,0,0,1,0,2,0,0,0,0,0,15,3,0,0,0,0,0,0,0,0,0,0,0,0,0,0,0,0,0,0,0,3,1,1,5,0,6,0,0,0,0,0,0,0,0,0,0,0,0,0,0,0,0,0,0,0,0,0
"E01006778",2205,1937,16,0,10,23,4,11,1,7,7,0,20,1,65,7,0,5,4,0,0,0,1,0,0,16,0,0,4,0,0,0,0,0,0,0,0,0,0,0,0,0,0,0,0,0,0,15,0,0,0,0,1,0,0,0,0,0,0,1,0,0,0,0,0,0,0,0,2,1,0,3,0,29,0,0,0,0,0,0,0,13,0,0,0,1,0,0,0,0,0,0,0,0,0
"E01006779",1968,1856,7,0,3,13,5,11,0,1,0,0,4,0,9,1,0,6,0,0,0,0,0,0,0,6,0,0,2,0,0,0,0,0,0,0,0,1,0,1,0,0,0,0,0,0,0,7,2,0,0,0,1,0,1,0,0,0,0,0,0,0,0,0,0,0,0,0,1,1,0,0,0,8,0,0,0,0,0,0,0,0,0,0,0,20,0,0,1,0,0,0,0,0,0
"E01006780",1465,1405,20,0,0,3,3,7,1,5,0,0,5,0,2,2,0,3,0,0,0,0,0,0,0,0,0,0,0,0,0,1,0,0,0,0,0,0,0,0,0,0,0,0,0,0,0,0,1,0,0,0,0,0,0,0,0,0,0,0,1,0,0,0,0,0,0,2,0,0,0,2,0,2,0,0,0,0,0,0,0,0,0,0,0,0,0,0,0,0,0,0,0,0,0
"E01006781",1470,1433,10,0,1,3,1,1,0,0,0,0,12,0,0,0,0,0,0,0,0,1,0,0,0,4,0,0,0,0,0,0,0,0,0,0,0,0,0,0,0,0,0,0,0,0,0,1,0,1,0,0,0,0,0,0,0,0,0,0,0,0,0,0,0,0,0,0,1,0,0,0,0,0,0,0,0,0,0,0,0,0,0,0,0,1,0,0,0,0,0,0,0,0,0
"E01006782",1560,1463,15,0,0,12,4,3,1,13,0,0,1,0,6,0,0,0,0,0,0,0,0,0,0,0,0,0,0,0,0,0,0,0,0,0,0,0,0,0,0,0,0,0,0,0,0,3,9,4,0,0,0,0,0,0,0,0,0,0,10,0,0,0,0,0,0,0,0,1,0,1,0,7,0,0,0,0,0,0,0,4,0,0,0,0,0,0,3,0,0,0,0,0,0
"E01006783",1548,1482,8,0,0,3,0,6,2,16,0,0,8,0,3,0,0,2,0,0,0,0,0,0,0,0,0,0,1,1,0,0,0,0,0,0,0,0,0,0,0,0,0,0,0,0,0,0,0,0,0,0,0,0,1,0,0,0,0,0,0,0,0,0,0,0,0,0,2,0,0,3,0,7,0,0,0,0,0,0,0,0,0,0,2,0,0,0,0,0,0,0,0,0,1
"E01006784",1347,1287,9,1,1,7,7,3,0,1,0,0,9,0,4,1,0,0,0,0,0,0,0,0,0,0,0,0,0,0,0,0,0,0,0,0,0,0,0,0,0,0,0,0,1,0,0,2,0,0,0,0,0,0,2,0,0,0,0,8,0,0,0,0,0,0,0,2,0,0,0,2,0,0,0,0,0,0,0,0,0,0,0,0,0,0,0,0,0,0,0,0,0,0,0
"E01006785",1769,1648,23,2,1,4,4,10,0,12,0,0,2,0,31,0,0,1,2,0,0,0,0,0,1,1,0,0,0,0,0,0,0,0,0,0,0,0,0,1,0,0,0,0,0,0,0,3,1,0,0,0,1,0,1,0,0,0,0,0,0,0,0,1,0,0,0,0,1,0,0,2,0,13,0,0,0,0,0,0,0,0,0,0,0,3,0,0,0,0,0,0,0,0,0
"E01006786",1820,1766,12,0,1,3,5,0,1,0,0,0,4,0,2,0,0,1,0,0,0,0,0,0,0,2,0,0,0,0,0,0,0,2,0,0,0,0,0,0,0,0,0,0,0,0,0,3,0,0,0,0,1,0,2,0,0,0,0,3,0,0,0,0,0,0,0,4,0,2,1,4,0,0,0,0,0,0,0,0,0,0,0,0,0,1,0,0,0,0,0,0,0,0,0
"E01006787",2330,2003,29,6,9,20,7,1,2,37,10,8,16,1,40,10,2,27,2,0,0,0,0,0,0,4,1,0,1,11,0,0,0,0,0,0,0,0,0,0,0,1,0,0,0,0,0,14,5,0,0,0,0,0,6,0,0,0,0,0,0,0,0,14,0,0,0,1,0,5,0,7,0,20,0,0,0,0,9,0,0,0,0,0,0,0,0,0,1,0,0,0,0,0,0
"E01006788",1825,1731,9,1,5,7,4,5,0,26,0,0,3,0,8,0,2,6,0,0,0,0,0,0,0,2,0,0,0,0,0,0,0,0,0,0,0,0,0,0,0,0,0,0,0,0,0,4,0,0,0,0,0,0,1,0,0,1,0,0,0,0,0,0,0,0,0,0,0,1,1,4,0,2,0,0,0,0,0,0,0,0,0,0,0,2,0,0,0,0,0,0,0,0,0
"E01006790",1587,1487,10,0,4,6,0,7,1,4,2,0,0,0,16,8,0,9,0,0,0,0,0,0,0,0,0,0,0,1,0,0,0,0,0,0,0,0,0,0,0,0,0,0,0,0,0,3,0,0,0,0,0,0,0,0,0,0,0,4,0,0,0,0,0,0,0,0,1,0,0,0,0,22,0,0,0,0,1,0,0,0,0,0,0,0,0,0,0,0,0,0,0,1,0
"E01006791",1674,1530,12,0,0,3,4,4,0,11,0,1,8,0,25,13,0,9,0,0,0,0,0,0,0,0,0,0,0,3,0,0,0,0,0,0,0,0,0,0,0,0,0,0,0,0,0,0,0,0,0,0,0,0,0,0,0,0,0,13,0,0,0,0,0,0,0,0,0,0,0,0,0,35,0,0,0,0,0,0,0,0,0,0,0,3,0,0,0,0,0,0,0,0,0
"E01006792",1368,1256,12,0,4,0,2,12,0,8,0,0,10,0,7,1,0,17,1,1,0,0,0,0,0,1,0,0,3,0,0,0,0,0,0,0,0,0,0,1,0,2,0,0,0,0,0,4,2,1,0,0,3,0,0,2,0,0,0,1,1,0,0,0,0,0,0,0,0,0,0,9,0,5,0,0,0,0,0,0,0,2,0,0,0,0,0,0,0,0,0,0,0,0,0
"E01006793",1494,1348,14,1,1,4,10,11,8,20,5,0,17,0,2,2,0,6,0,0,1,0,0,0,2,2,0,0,0,1,0,0,0,0,0,0,0,0,0,0,0,0,0,0,0,0,0,3,0,0,4,0,7,0,2,0,0,0,0,3,1,0,0,0,0,0,0,0,0,4,0,3,0,5,5,0,0,0,0,0,0,1,1,0,0,0,0,0,0,0,0,0,0,0,0
"E01006794",1593,1434,16,0,6,7,9,7,2,35,6,0,11,1,11,1,0,2,9,1,0,0,0,0,2,0,0,0,0,1,0,0,0,1,0,5,0,0,0,0,0,0,0,0,1,0,0,5,0,0,0,0,0,0,1,0,0,0,0,0,0,0,0,0,0,0,0,0,2,1,0,7,0,0,0,0,0,0,0,0,0,7,0,0,0,1,0,0,0,1,0,0,0,0,0
"E01006795",1407,1305,21,0,4,9,3,13,0,17,0,0,15,0,0,1,0,1,0,0,0,0,0,0,0,0,0,0,0,0,0,0,0,0,0,0,0,0,0,0,0,0,0,0,0,0,0,0,0,1,0,0,0,0,0,0,0,0,0,0,2,1,0,0,0,0,0,0,2,1,0,9,0,1,0,0,0,0,0,0,0,0,0,0,0,0,0,0,0,0,1,0,0,0,0
"E01006796",1591,1337,19,0,6,2,6,4,3,50,32,5,18,1,3,0,2,38,4,0,0,4,0,0,0,0,0,0,0,0,0,0,0,5,0,0,0,1,0,3,0,0,0,0,0,0,0,7,0,0,1,0,0,0,4,0,0,0,0,0,1,0,0,0,0,0,0,0,12,1,0,8,0,4,0,0,2,0,0,0,0,7,0,0,0,1,0,0,0,0,0,0,0,0,0
"E01006797",1499,1424,17,0,0,3,9,6,0,0,1,0,6,0,4,4,0,0,0,0,0,0,0,0,4,0,0,1,2,5,0,0,0,1,0,0,0,0,0,0,0,0,0,0,0,0,0,0,1,1,3,0,1,0,0,0,0,0,0,0,0,0,0,0,1,0,0,0,0,1,0,2,0,0,0,0,0,0,0,0,0,1,0,0,0,1,0,0,0,0,0,0,0,0,0
"E01006798",1410,1292,24,0,4,7,2,6,0,14,0,0,30,1,2,1,0,1,0,0,0,0,0,0,0,0,0,0,0,3,0,0,0,0,0,0,0,0,0,0,0,0,0,0,0,0,0,5,0,1,0,0,0,0,1,0,0,0,0,0,0,0,0,0,0,0,0,0,2,0,0,7,0,6,0,0,0,0,0,0,0,0,0,0,1,0,0,0,0,0,0,0,0,0,0
"E01006799",1821,1707,24,0,2,4,5,4,4,11,2,0,10,0,3,3,0,0,2,0,0,0,0,0,3,0,0,0,5,1,0,0,0,0,0,0,0,0,0,1,0,0,0,0,2,0,0,3,0,0,2,0,1,0,2,0,0,0,0,0,1,0,0,0,8,0,0,0,0,0,2,5,0,0,0,0,0,0,0,0,0,2,0,0,0,0,0,0,0,0,2,0,0,0,0
"E01006800",1401,1270,5,0,1,3,7,7,1,44,2,5,25,0,9,4,0,4,0,1,0,0,0,0,0,0,0,0,0,0,0,0,0,0,0,0,0,0,0,1,0,1,0,0,0,0,0,0,0,0,0,0,2,0,0,0,0,0,0,0,0,0,0,0,0,0,0,0,0,0,0,4,0,2,0,0,0,0,0,0,0,0,0,0,0,0,0,0,0,0,3,0,0,0,0
"E01006801",1355,1265,22,0,2,1,1,10,0,11,4,0,18,0,5,0,0,0,0,0,0,0,0,0,0,0,0,0,0,0,0,0,0,0,0,4,0,0,0,2,0,1,0,0,0,0,0,1,0,0,0,0,0,0,1,0,0,0,0,0,0,0,0,0,0,0,0,0,2,0,0,2,0,0,0,0,0,0,0,0,0,0,0,0,1,0,0,0,0,0,1,0,0,1,0
"E01032505",1317,1088,25,0,8,14,13,0,3,19,7,2,37,0,6,0,1,17,5,0,0,0,0,0,0,5,0,0,0,2,0,0,0,1,0,0,0,0,0,1,0,0,0,0,0,0,0,8,0,8,0,0,1,0,6,0,0,0,0,0,4,0,0,0,0,0,0,1,1,7,0,7,0,13,0,0,0,0,0,0,0,0,0,0,1,1,0,0,0,0,3,0,2,0,0
"E01032506",1403,1204,30,0,2,21,21,9,3,4,14,0,11,0,10,1,1,14,2,0,0,0,0,0,1,0,0,0,0,1,0,0,0,0,0,0,0,0,0,2,0,0,0,0,0,1,0,11,1,1,0,0,3,0,2,0,0,0,0,1,1,0,0,0,0,0,0,0,1,4,0,9,0,10,0,0,0,0,0,0,0,4,0,0,1,2,0,0,0,0,0,0,0,0,0
"E01032507",1539,1332,53,0,4,20,12,9,4,1,2,6,7,0,18,3,0,8,1,0,0,0,0,0,1,2,0,0,2,5,0,0,0,0,1,0,0,1,0,0,0,2,0,0,0,0,0,5,0,5,0,0,1,0,5,0,0,0,0,0,1,0,0,0,0,0,0,0,2,1,0,15,0,7,0,0,0,0,0,0,0,1,0,0,0,0,0,0,0,0,1,0,0,1,0
"E01032508",1723,1485,12,0,7,20,20,3,2,34,0,5,21,0,29,1,4,6,2,6,0,0,2,0,2,0,0,1,2,2,0,0,0,0,0,0,0,0,0,3,0,0,0,0,0,0,0,8,10,0,0,0,0,0,1,0,0,0,0,17,0,0,0,0,0,0,0,0,1,1,0,2,0,4,0,0,0,0,0,0,0,7,0,0,2,0,0,0,0,0,1,0,0,0,0
"E01032509",1434,1293,12,0,3,4,13,3,9,11,0,2,12,0,15,1,0,4,0,0,0,0,0,0,1,4,0,0,1,2,0,0,0,0,0,0,0,0,0,5,0,0,0,0,0,0,0,9,0,0,0,0,0,0,0,0,0,0,0,0,0,0,0,0,0,0,0,0,1,0,1,1,0,22,0,0,0,0,0,0,0,5,0,0,0,0,0,0,0,0,0,0,0,0,0
"E01032510",1809,1675,7,0,2,7,4,8,3,29,1,0,8,0,15,0,0,5,0,1,0,0,0,0,0,0,0,0,0,0,0,0,0,0,0,0,0,0,0,0,0,0,0,0,0,0,0,1,0,0,0,0,3,0,0,0,0,0,0,0,4,0,0,0,0,0,0,5,0,6,0,3,0,21,0,0,0,0,0,0,0,0,0,0,0,0,0,0,1,0,0,0,0,0,0
"E01032511",1378,1302,13,0,7,4,5,2,2,0,1,0,8,0,10,1,0,0,0,0,0,0,1,0,2,0,0,0,0,3,0,0,0,0,0,0,0,0,0,0,0,0,0,0,0,0,0,2,0,0,0,0,0,0,0,0,0,0,0,0,2,0,0,0,0,0,0,0,0,2,1,2,0,6,0,0,0,0,0,0,0,0,0,0,1,1,0,0,0,0,0,0,0,0,0
"E01033747",1043,877,12,0,2,11,4,5,0,0,0,5,9,0,29,4,4,30,0,0,0,0,0,0,1,2,0,0,0,0,0,0,0,0,0,0,0,0,0,0,0,0,0,0,0,0,0,3,6,0,0,0,1,0,0,1,0,0,0,1,15,0,0,0,0,0,0,0,1,3,0,3,0,5,0,0,0,0,0,0,0,7,0,0,1,1,0,0,0,0,0,0,0,0,0
"E01033748",1277,998,37,0,4,4,4,8,0,44,13,2,9,2,28,9,0,17,0,0,6,0,0,0,1,2,0,0,0,2,0,0,0,1,0,0,0,0,0,2,0,3,0,0,0,0,0,17,2,1,0,0,2,0,4,1,0,0,0,4,3,6,0,0,0,0,0,0,4,4,0,8,0,17,0,0,0,0,1,0,0,6,0,0,0,1,0,0,0,0,0,0,0,0,0
"E01033749",1153,886,31,0,17,8,3,11,3,28,7,2,25,0,32,8,0,25,0,0,0,0,0,0,0,0,1,0,3,2,0,0,0,0,1,0,0,0,0,0,0,0,0,0,0,0,0,6,0,7,0,0,6,3,5,0,0,1,0,0,2,2,0,0,0,0,0,0,4,5,0,12,0,2,0,2,0,0,0,0,0,0,0,0,0,0,0,0,1,0,2,0,0,0,0
"E01033750",1448,1049,45,0,5,6,5,17,3,62,14,0,24,2,38,16,1,46,0,0,0,0,0,0,6,0,0,0,0,1,0,0,0,0,0,0,0,0,0,1,0,1,1,0,2,0,0,11,0,3,0,0,10,0,0,4,0,0,0,0,7,0,4,0,2,0,0,5,6,1,0,26,0,10,0,1,2,0,0,0,0,2,0,0,4,3,0,0,1,0,1,0,0,0,0
"E01033751",1873,1402,76,28,4,10,9,15,2,93,28,9,22,3,44,5,8,30,1,0,0,0,0,0,0,3,2,0,1,1,0,0,0,0,1,0,0,0,0,0,0,4,0,0,0,0,0,8,1,1,1,0,3,0,4,3,0,4,0,2,0,1,0,0,1,0,0,0,9,1,4,6,0,10,0,0,1,0,0,0,0,3,0,4,1,0,3,0,0,0,0,0,0,1,0
"E01033752",1196,799,49,4,14,5,6,11,0,20,20,4,27,1,17,7,0,60,7,1,0,0,0,0,4,0,0,0,0,1,0,0,0,0,1,0,0,0,4,2,0,2,0,0,1,0,0,9,2,7,1,1,4,0,11,3,0,3,0,1,4,1,0,0,0,0,0,3,4,10,2,48,0,11,1,0,0,0,0,0,0,0,0,0,1,0,0,0,1,0,0,0,1,0,0
"E01033753",1051,704,15,0,5,8,2,2,2,30,8,2,37,1,18,3,6,82,0,0,0,0,0,0,3,5,0,0,0,0,0,4,0,1,0,0,0,0,0,0,0,3,2,0,0,0,0,16,0,7,1,1,0,0,7,0,0,0,0,2,4,1,0,0,1,0,0,1,3,6,4,42,0,9,1,0,0,0,0,0,0,0,0,0,0,1,0,0,0,0,0,0,0,1,0
"E01033754",1452,1013,47,0,20,23,15,18,6,37,13,0,38,1,22,15,2,30,1,0,0,0,0,0,4,0,0,0,8,11,0,0,0,1,0,0,0,0,1,0,1,4,1,0,0,0,0,17,1,2,0,0,5,0,10,0,0,0,0,0,3,2,0,0,0,0,0,0,8,4,2,43,0,16,0,0,0,0,1,0,0,0,1,0,1,1,0,0,1,1,1,0,0,0,0
"E01033755",1082,706,68,0,4,7,1,10,1,28,11,1,29,0,18,6,0,30,0,0,0,0,0,0,3,7,0,0,0,0,0,0,0,0,0,2,0,0,0,1,0,6,0,0,0,0,0,9,0,2,0,0,2,0,37,5,0,0,0,5,4,7,1,0,0,0,0,5,2,0,3,33,0,16,0,0,0,0,0,0,0,0,1,0,0,6,2,0,1,0,1,0,0,1,0
"E01033756",1185,699,44,0,19,4,6,8,2,33,4,1,93,2,21,22,1,88,0,0,0,0,0,1,2,1,0,0,0,2,0,0,0,0,0,0,0,0,0,0,0,3,1,0,2,0,0,16,5,22,0,0,5,2,6,1,0,1,0,1,4,1,0,0,1,0,0,0,8,4,1,21,0,15,0,0,0,0,0,0,0,0,0,0,7,2,0,0,0,1,0,1,0,1,0
"E01033757",1025,527,23,4,12,32,20,18,8,20,3,0,161,2,47,12,1,6,1,0,0,0,0,0,0,0,0,0,4,11,0,0,0,0,0,0,0,0,0,2,0,0,0,0,0,0,0,10,1,1,0,0,3,0,5,1,0,0,0,20,0,10,0,0,1,0,0,0,11,4,4,20,0,2,0,0,0,0,11,0,0,5,0,0,1,1,0,0,0,0,0,0,0,0,0
"E01033758",1730,825,47,1,10,8,4,20,0,62,54,5,395,5,33,7,0,80,2,0,0,0,0,0,3,1,0,0,0,2,0,0,0,0,1,1,0,0,0,1,0,5,0,0,2,0,0,17,4,14,1,1,3,0,6,1,0,1,0,1,0,37,0,0,1,1,0,3,1,9,4,24,0,13,0,0,2,0,0,0,0,4,0,0,5,3,0,0,0,0,0,0,0,0,0
"E01033759",1147,1042,4,0,0,3,2,5,1,4,0,0,5,0,40,1,0,6,0,0,0,0,0,0,0,4,0,0,1,0,0,0,0,0,0,0,0,0,0,0,0,0,0,0,0,0,0,0,0,2,0,0,5,0,0,0,0,0,0,0,2,0,0,0,0,0,0,0,0,1,0,1,0,12,0,0,0,0,0,0,0,2,0,0,0,2,0,0,1,1,0,0,0,0,0
"E01033760",2115,1326,90,0,19,10,6,15,2,57,18,5,238,2,41,24,3,30,0,0,0,0,0,0,1,4,0,0,1,1,0,1,0,0,0,1,0,0,0,0,0,8,0,0,23,0,0,21,1,45,12,4,8,0,6,1,0,0,0,4,4,1,0,0,0,0,0,0,3,12,2,43,0,8,0,0,0,0,0,0,0,3,0,0,2,5,0,0,0,0,2,0,2,0,0
"E01033761",1372,889,52,0,8,10,8,15,4,33,6,5,57,0,23,7,0,62,2,1,1,1,0,1,2,1,0,0,0,1,0,0,0,1,0,0,0,1,0,3,1,2,0,0,6,2,1,14,6,7,0,0,7,1,19,1,0,1,0,0,2,3,0,0,0,0,0,0,17,8,1,45,0,20,0,0,2,0,0,0,0,3,0,0,4,4,0,0,0,0,0,1,0,0,0
"E01033762",1791,1261,129,1,15,9,6,9,3,46,17,3,63,1,43,5,0,56,1,0,0,0,0,0,0,2,0,0,0,0,0,0,0,0,1,1,0,0,0,0,0,4,0,0,1,0,0,20,0,16,0,0,10,0,8,1,0,2,0,2,1,2,0,0,0,0,0,1,3,6,8,12,0,11,0,0,0,0,0,0,0,6,1,0,1,1,0,0,2,0,0,0,0,0,0
"E01033763",1527,1110,21,0,9,22,20,4,2,25,12,6,52,0,66,5,3,34,1,0,0,0,0,0,3,14,0,0,0,21,0,0,0,0,1,1,0,0,0,0,0,2,0,0,0,0,0,10,0,0,1,0,9,0,0,0,0,0,0,7,3,5,0,0,0,0,2,8,1,7,5,6,0,13,0,0,0,0,0,0,0,10,0,0,0,1,0,0,4,0,1,0,0,0,0
"E01033764",2202,1955,39,5,8,14,3,2,0,9,2,5,12,0,38,14,0,21,0,0,0,0,2,0,1,3,0,0,0,3,0,0,0,1,0,0,0,0,0,0,0,0,0,0,0,0,0,11,2,1,0,0,4,0,1,0,0,0,0,1,0,0,0,0,0,0,0,0,0,9,1,5,0,23,0,0,0,0,0,0,0,2,0,0,0,4,0,0,1,0,0,0,0,0,0
"E01033765",1351,1122,35,2,9,22,23,6,0,7,7,0,23,0,18,6,0,22,3,0,0,0,0,0,0,1,0,0,1,2,0,1,0,0,0,0,0,0,0,0,1,0,0,0,0,0,0,6,0,1,0,0,2,0,0,0,0,0,0,3,3,0,1,0,2,0,0,0,5,3,0,3,0,7,0,1,0,0,0,0,0,0,0,0,0,3,0,0,0,0,0,0,0,0,0
"E01033766",1075,918,33,1,6,7,6,15,4,3,3,0,8,1,12,6,1,3,1,0,0,0,0,0,3,2,0,0,2,0,0,0,0,0,0,0,0,0,0,1,0,0,1,0,0,0,0,3,0,0,0,0,1,0,1,0,0,0,0,0,0,0,4,0,0,4,0,0,0,1,14,4,0,0,0,1,0,0,0,0,0,2,0,0,0,0,0,0,0,0,3,0,0,0,0
"E01033767",1067,911,8,0,7,9,5,1,3,3,1,1,9,0,16,1,1,23,0,0,0,0,0,0,0,0,0,0,0,5,0,0,0,1,0,0,0,0,0,2,0,1,0,0,0,0,0,23,1,0,0,0,2,0,0,3,0,0,0,1,0,4,0,0,0,0,0,2,0,5,0,10,0,4,0,0,0,0,0,0,0,0,0,0,0,3,0,0,0,0,1,0,0,0,0
"E01033768",1223,774,25,0,16,39,47,21,3,14,4,1,40,1,66,19,5,39,1,1,0,0,0,0,2,0,0,0,6,31,0,0,0,0,0,0,0,0,0,1,0,0,0,0,0,0,0,12,0,0,0,0,3,0,2,0,0,0,0,14,1,2,0,0,0,0,0,3,2,1,6,12,0,0,0,0,0,0,4,0,0,3,0,0,0,0,0,0,0,0,1,0,0,1,0
